CREATE DATABASE sales;
USE SALES;

CREATE TABLE customers
(first_name varchar(50), 
last_name varchar(50), 
phone varchar(50), 
email varchar(50), 
street varchar(50), 
city varchar(50), 
state varchar(50), 
zip_code INT
);

INSERT INTO sales.customers(first_name, last_name, phone, email, street, city, state, zip_code) VALUES('Debra','Burks',NULL,'debra.burks@yahoo.com','9273 Thorne Ave. ','Orchard Park','NY',14127);
INSERT INTO sales.customers(first_name, last_name, phone, email, street, city, state, zip_code) VALUES('Kasha','Todd',NULL,'kasha.todd@yahoo.com','910 Vine Street ','Campbell','CA',95008);
INSERT INTO sales.customers(first_name, last_name, phone, email, street, city, state, zip_code) VALUES('Tameka','Fisher',NULL,'tameka.fisher@aol.com','769C Honey Creek St. ','Redondo Beach','CA',90278);
INSERT INTO sales.customers(first_name, last_name, phone, email, street, city, state, zip_code) VALUES('Daryl','Spence',NULL,'daryl.spence@aol.com','988 Pearl Lane ','Uniondale','NY',11553);
INSERT INTO sales.customers(first_name, last_name, phone, email, street, city, state, zip_code) VALUES('Charolette','Rice','(916) 381-6003','charolette.rice@msn.com','107 River Dr. ','Sacramento','CA',95820);
INSERT INTO sales.customers(first_name, last_name, phone, email, street, city, state, zip_code) VALUES('Lyndsey','Bean',NULL,'lyndsey.bean@hotmail.com','769 West Road ','Fairport','NY',14450);
INSERT INTO sales.customers(first_name, last_name, phone, email, street, city, state, zip_code) VALUES('Latasha','Hays','(716) 986-3359','latasha.hays@hotmail.com','7014 Manor Station Rd. ','Buffalo','NY',14215);
INSERT INTO sales.customers(first_name, last_name, phone, email, street, city, state, zip_code) VALUES('Jacquline','Duncan',NULL,'jacquline.duncan@yahoo.com','15 Brown St. ','Jackson Heights','NY',11372);
INSERT INTO sales.customers(first_name, last_name, phone, email, street, city, state, zip_code) VALUES('Genoveva','Baldwin',NULL,'genoveva.baldwin@msn.com','8550 Spruce Drive ','Port Washington','NY',11050);
INSERT INTO sales.customers(first_name, last_name, phone, email, street, city, state, zip_code) VALUES('Pamelia','Newman',NULL,'pamelia.newman@gmail.com','476 Chestnut Ave. ','Monroe','NY',10950);
INSERT INTO sales.customers(first_name, last_name, phone, email, street, city, state, zip_code) VALUES('Deshawn','Mendoza',NULL,'deshawn.mendoza@yahoo.com','8790 Cobblestone Street ','Monsey','NY',10952);
INSERT INTO sales.customers(first_name, last_name, phone, email, street, city, state, zip_code) VALUES('Robby','Sykes','(516) 583-7761','robby.sykes@hotmail.com','486 Rock Maple Street ','Hempstead','NY',11550);
INSERT INTO sales.customers(first_name, last_name, phone, email, street, city, state, zip_code) VALUES('Lashawn','Ortiz',NULL,'lashawn.ortiz@msn.com','27 Washington Rd. ','Longview','TX',75604);
INSERT INTO sales.customers(first_name, last_name, phone, email, street, city, state, zip_code) VALUES('Garry','Espinoza',NULL,'garry.espinoza@hotmail.com','7858 Rockaway Court ','Forney','TX',75126);
INSERT INTO sales.customers(first_name, last_name, phone, email, street, city, state, zip_code) VALUES('Linnie','Branch',NULL,'linnie.branch@gmail.com','314 South Columbia Ave. ','Plattsburgh','NY',12901);
INSERT INTO sales.customers(first_name, last_name, phone, email, street, city, state, zip_code) VALUES('Emmitt','Sanchez','(212) 945-8823','emmitt.sanchez@hotmail.com','461 Squaw Creek Road ','New York','NY',10002);
INSERT INTO sales.customers(first_name, last_name, phone, email, street, city, state, zip_code) VALUES('Caren','Stephens',NULL,'caren.stephens@msn.com','914 Brook St. ','Scarsdale','NY',10583);
INSERT INTO sales.customers(first_name, last_name, phone, email, street, city, state, zip_code) VALUES('Georgetta','Hardin',NULL,'georgetta.hardin@aol.com','474 Chapel Dr. ','Canandaigua','NY',14424);
INSERT INTO sales.customers(first_name, last_name, phone, email, street, city, state, zip_code) VALUES('Lizzette','Stein',NULL,'lizzette.stein@yahoo.com','19 Green Hill Lane ','Orchard Park','NY',14127);
INSERT INTO sales.customers(first_name, last_name, phone, email, street, city, state, zip_code) VALUES('Aleta','Shepard',NULL,'aleta.shepard@aol.com','684 Howard St. ','Sugar Land','TX',77478);
INSERT INTO sales.customers(first_name, last_name, phone, email, street, city, state, zip_code) VALUES('Tobie','Little',NULL,'tobie.little@gmail.com','10 Silver Spear Dr. ','Victoria','TX',77904);
INSERT INTO sales.customers(first_name, last_name, phone, email, street, city, state, zip_code) VALUES('Adelle','Larsen',NULL,'adelle.larsen@gmail.com','683 West Kirkland Dr. ','East Northport','NY',11731);
INSERT INTO sales.customers(first_name, last_name, phone, email, street, city, state, zip_code) VALUES('Kaylee','English',NULL,'kaylee.english@msn.com','8786 Fulton Rd. ','Hollis','NY',11423);
INSERT INTO sales.customers(first_name, last_name, phone, email, street, city, state, zip_code) VALUES('Corene','Wall',NULL,'corene.wall@msn.com','9601 Ocean Rd. ','Atwater','CA',95301);
INSERT INTO sales.customers(first_name, last_name, phone, email, street, city, state, zip_code) VALUES('Regenia','Vaughan',NULL,'regenia.vaughan@gmail.com','44 Stonybrook Street ','Mahopac','NY',10541);
INSERT INTO sales.customers(first_name, last_name, phone, email, street, city, state, zip_code) VALUES('Theo','Reese','(562) 215-2907','theo.reese@gmail.com','8755 W. Wild Horse St. ','Long Beach','NY',11561);
INSERT INTO sales.customers(first_name, last_name, phone, email, street, city, state, zip_code) VALUES('Santos','Valencia',NULL,'santos.valencia@yahoo.com','7479 Carpenter Street ','Sunnyside','NY',11104);
INSERT INTO sales.customers(first_name, last_name, phone, email, street, city, state, zip_code) VALUES('Jeanice','Frost',NULL,'jeanice.frost@hotmail.com','76 Devon Lane ','Ossining','NY',10562);
INSERT INTO sales.customers(first_name, last_name, phone, email, street, city, state, zip_code) VALUES('Syreeta','Hendricks',NULL,'syreeta.hendricks@msn.com','193 Spruce Road ','Mahopac','NY',10541);
INSERT INTO sales.customers(first_name, last_name, phone, email, street, city, state, zip_code) VALUES('Jamaal','Albert',NULL,'jamaal.albert@gmail.com','853 Stonybrook Street ','Torrance','CA',90505);
INSERT INTO sales.customers(first_name, last_name, phone, email, street, city, state, zip_code) VALUES('Williemae','Holloway','(510) 246-8375','williemae.holloway@msn.com','69 Cypress St. ','Oakland','CA',94603);
INSERT INTO sales.customers(first_name, last_name, phone, email, street, city, state, zip_code) VALUES('Araceli','Golden',NULL,'araceli.golden@msn.com','12 Ridgeview Ave. ','Fullerton','CA',92831);
INSERT INTO sales.customers(first_name, last_name, phone, email, street, city, state, zip_code) VALUES('Deloris','Burke',NULL,'deloris.burke@hotmail.com','895 Edgemont Drive ','Palos Verdes Peninsula','CA',90274);
INSERT INTO sales.customers(first_name, last_name, phone, email, street, city, state, zip_code) VALUES('Brittney','Woodward',NULL,'brittney.woodward@aol.com','960 River St. ','East Northport','NY',11731);
INSERT INTO sales.customers(first_name, last_name, phone, email, street, city, state, zip_code) VALUES('Guillermina','Noble',NULL,'guillermina.noble@msn.com','6 Del Monte Lane ','Baldwinsville','NY',13027);
INSERT INTO sales.customers(first_name, last_name, phone, email, street, city, state, zip_code) VALUES('Bernita','Mcdaniel',NULL,'bernita.mcdaniel@hotmail.com','2 Peg Shop Ave. ','Liverpool','NY',13090);
INSERT INTO sales.customers(first_name, last_name, phone, email, street, city, state, zip_code) VALUES('Melia','Brady',NULL,'melia.brady@gmail.com','907 Shirley Rd. ','Maspeth','NY',11378);
INSERT INTO sales.customers(first_name, last_name, phone, email, street, city, state, zip_code) VALUES('Zelma','Browning',NULL,'zelma.browning@aol.com','296 Second Street ','Astoria','NY',11102);
INSERT INTO sales.customers(first_name, last_name, phone, email, street, city, state, zip_code) VALUES('Janetta','Aguirre','(717) 670-2634','janetta.aguirre@aol.com','214 Second Court ','Lancaster','NY',14086);
INSERT INTO sales.customers(first_name, last_name, phone, email, street, city, state, zip_code) VALUES('Ronna','Butler',NULL,'ronna.butler@gmail.com','9438 Plymouth Court ','Encino','CA',91316);
INSERT INTO sales.customers(first_name, last_name, phone, email, street, city, state, zip_code) VALUES('Kathie','Freeman',NULL,'kathie.freeman@msn.com','667 Temple Dr. ','Queensbury','NY',12804);
INSERT INTO sales.customers(first_name, last_name, phone, email, street, city, state, zip_code) VALUES('Tangela','Quinn',NULL,'tangela.quinn@aol.com','4 S. Purple Finch Road ','Richmond Hill','NY',11418);
INSERT INTO sales.customers(first_name, last_name, phone, email, street, city, state, zip_code) VALUES('Mozelle','Carter','(281) 489-9656','mozelle.carter@aol.com','895 Chestnut Ave. ','Houston','TX',77016);
INSERT INTO sales.customers(first_name, last_name, phone, email, street, city, state, zip_code) VALUES('Onita','Johns',NULL,'onita.johns@msn.com','32 Glen Creek Lane ','Elmont','NY',11003);
INSERT INTO sales.customers(first_name, last_name, phone, email, street, city, state, zip_code) VALUES('Bennett','Armstrong',NULL,'bennett.armstrong@aol.com','688 Walnut Street ','Bethpage','NY',11714);
INSERT INTO sales.customers(first_name, last_name, phone, email, street, city, state, zip_code) VALUES('Monika','Berg',NULL,'monika.berg@gmail.com','369 Vernon Dr. ','Encino','CA',91316);
INSERT INTO sales.customers(first_name, last_name, phone, email, street, city, state, zip_code) VALUES('Bridgette','Guerra',NULL,'bridgette.guerra@hotmail.com','9982 Manor Drive ','San Lorenzo','CA',94580);
INSERT INTO sales.customers(first_name, last_name, phone, email, street, city, state, zip_code) VALUES('Cesar','Jackson',NULL,'cesar.jackson@gmail.com','8068 N. Griffin Ave. ','Liverpool','NY',13090);
INSERT INTO sales.customers(first_name, last_name, phone, email, street, city, state, zip_code) VALUES('Caroll','Hays',NULL,'caroll.hays@yahoo.com','9381 Wrangler St. ','Fairport','NY',14450);
INSERT INTO sales.customers(first_name, last_name, phone, email, street, city, state, zip_code) VALUES('Cleotilde','Booth',NULL,'cleotilde.booth@gmail.com','17 Corona St. ','Sugar Land','TX',77478);
INSERT INTO sales.customers(first_name, last_name, phone, email, street, city, state, zip_code) VALUES('Gertrud','Rhodes',NULL,'gertrud.rhodes@aol.com','9961 Meadowbrook Street ','Merrick','NY',11566);
INSERT INTO sales.customers(first_name, last_name, phone, email, street, city, state, zip_code) VALUES('Tu','Ramirez',NULL,'tu.ramirez@hotmail.com','24 W. Courtland Street ','East Elmhurst','NY',11369);
INSERT INTO sales.customers(first_name, last_name, phone, email, street, city, state, zip_code) VALUES('Saturnina','Garner',NULL,'saturnina.garner@gmail.com','8538 Fairground St. ','Glendora','CA',91740);
INSERT INTO sales.customers(first_name, last_name, phone, email, street, city, state, zip_code) VALUES('Fran','Yang',NULL,'fran.yang@hotmail.com','440 Pearl St. ','Utica','NY',13501);
INSERT INTO sales.customers(first_name, last_name, phone, email, street, city, state, zip_code) VALUES('Diana','Guerra',NULL,'diana.guerra@hotmail.com','45 Chapel Ave. ','Merrick','NY',11566);
INSERT INTO sales.customers(first_name, last_name, phone, email, street, city, state, zip_code) VALUES('Lolita','Mosley','(281) 363-3309','lolita.mosley@hotmail.com','376 S. High Ridge St. ','Houston','TX',77016);
INSERT INTO sales.customers(first_name, last_name, phone, email, street, city, state, zip_code) VALUES('Pamala','Henry',NULL,'pamala.henry@aol.com','197 Bridgeton Ave. ','Bronx','NY',10451);
INSERT INTO sales.customers(first_name, last_name, phone, email, street, city, state, zip_code) VALUES('Damien','Dorsey',NULL,'damien.dorsey@yahoo.com','161 Old York Street ','Central Islip','NY',11722);
INSERT INTO sales.customers(first_name, last_name, phone, email, street, city, state, zip_code) VALUES('Latasha','Stanley',NULL,'latasha.stanley@gmail.com','8068 Fordham Drive ','Rockville Centre','NY',11570);
INSERT INTO sales.customers(first_name, last_name, phone, email, street, city, state, zip_code) VALUES('Neil','Mccall',NULL,'neil.mccall@gmail.com','7476 Oakland Dr. ','San Carlos','CA',94070);
INSERT INTO sales.customers(first_name, last_name, phone, email, street, city, state, zip_code) VALUES('Elinore','Aguilar',NULL,'elinore.aguilar@msn.com','9766 Rockcrest Ave. ','San Angelo','TX',76901);
INSERT INTO sales.customers(first_name, last_name, phone, email, street, city, state, zip_code) VALUES('Alica','Hunter',NULL,'alica.hunter@hotmail.com','8 San Juan Drive ','East Elmhurst','NY',11369);
INSERT INTO sales.customers(first_name, last_name, phone, email, street, city, state, zip_code) VALUES('Tenisha','Lyons',NULL,'tenisha.lyons@aol.com','78 E. Rock Creek Street ','Amityville','NY',11701);
INSERT INTO sales.customers(first_name, last_name, phone, email, street, city, state, zip_code) VALUES('Bobbie','Foster',NULL,'bobbie.foster@yahoo.com','988 Pineknoll Ave. ','Desoto','TX',75115);
INSERT INTO sales.customers(first_name, last_name, phone, email, street, city, state, zip_code) VALUES('Kanesha','Vega',NULL,'kanesha.vega@gmail.com','771 E. Oxford Drive ','Rome','NY',13440);
INSERT INTO sales.customers(first_name, last_name, phone, email, street, city, state, zip_code) VALUES('Lorrie','Becker',NULL,'lorrie.becker@yahoo.com','19 North Court ','Garland','TX',75043);
INSERT INTO sales.customers(first_name, last_name, phone, email, street, city, state, zip_code) VALUES('Tommie','Melton','(916) 802-2952','tommie.melton@gmail.com','8 West Old York St. ','Sacramento','CA',95820);
INSERT INTO sales.customers(first_name, last_name, phone, email, street, city, state, zip_code) VALUES('Jayne','Kirkland',NULL,'jayne.kirkland@hotmail.com','7800 Second Lane ','Rowlett','TX',75088);
INSERT INTO sales.customers(first_name, last_name, phone, email, street, city, state, zip_code) VALUES('Katelin','Kennedy',NULL,'katelin.kennedy@gmail.com','286 Myrtle Lane ','Rocklin','CA',95677);
INSERT INTO sales.customers(first_name, last_name, phone, email, street, city, state, zip_code) VALUES('Tomasa','Carson',NULL,'tomasa.carson@aol.com','10 Clark Avenue ','East Elmhurst','NY',11369);
INSERT INTO sales.customers(first_name, last_name, phone, email, street, city, state, zip_code) VALUES('Takako','Casey',NULL,'takako.casey@aol.com','7548 Court Lane ','Bronx','NY',10451);
INSERT INTO sales.customers(first_name, last_name, phone, email, street, city, state, zip_code) VALUES('Petronila','Norris',NULL,'petronila.norris@aol.com','72 South Marshall Lane ','South El Monte','CA',91733);
INSERT INTO sales.customers(first_name, last_name, phone, email, street, city, state, zip_code) VALUES('Melanie','Hayes',NULL,'melanie.hayes@msn.com','5 N. Hall Dr. ','Liverpool','NY',13090);
INSERT INTO sales.customers(first_name, last_name, phone, email, street, city, state, zip_code) VALUES('Georgeann','Waller',NULL,'georgeann.waller@yahoo.com','9797 Bald Hill Ave. ','North Tonawanda','NY',14120);
INSERT INTO sales.customers(first_name, last_name, phone, email, street, city, state, zip_code) VALUES('Abby','Gamble',NULL,'abby.gamble@aol.com','60 Myers Dr. ','Amityville','NY',11701);
INSERT INTO sales.customers(first_name, last_name, phone, email, street, city, state, zip_code) VALUES('Parker','Prince',NULL,'parker.prince@hotmail.com','21 Sulphur Springs Drive ','Port Jefferson Station','NY',11776);
INSERT INTO sales.customers(first_name, last_name, phone, email, street, city, state, zip_code) VALUES('Keri','Bridges',NULL,'keri.bridges@gmail.com','8504 Brickell Ave. ','Richardson','TX',75080);
INSERT INTO sales.customers(first_name, last_name, phone, email, street, city, state, zip_code) VALUES('Chi','Goff',NULL,'chi.goff@aol.com','3 W. Glen Ridge Avenue ','Palos Verdes Peninsula','CA',90274);
INSERT INTO sales.customers(first_name, last_name, phone, email, street, city, state, zip_code) VALUES('Ashanti','Parks',NULL,'ashanti.parks@hotmail.com','846 N. Helen St. ','Baldwin','NY',11510);
INSERT INTO sales.customers(first_name, last_name, phone, email, street, city, state, zip_code) VALUES('Sarai','Mckee','(716) 912-8110','sarai.mckee@msn.com','641 Glenwood Avenue ','Buffalo','NY',14215);
INSERT INTO sales.customers(first_name, last_name, phone, email, street, city, state, zip_code) VALUES('Zina','Bonner',NULL,'zina.bonner@hotmail.com','9312 8th Street ','San Lorenzo','CA',94580);
INSERT INTO sales.customers(first_name, last_name, phone, email, street, city, state, zip_code) VALUES('Lizzie','Joyner',NULL,'lizzie.joyner@msn.com','8541 Roberts St. ','Coachella','CA',92236);
INSERT INTO sales.customers(first_name, last_name, phone, email, street, city, state, zip_code) VALUES('Tiesha','Daniel',NULL,'tiesha.daniel@yahoo.com','6 West Bohemia Lane ','Scarsdale','NY',10583);
INSERT INTO sales.customers(first_name, last_name, phone, email, street, city, state, zip_code) VALUES('Armand','Whitehead',NULL,'armand.whitehead@hotmail.com','639 Harvey St. ','Lindenhurst','NY',11757);
INSERT INTO sales.customers(first_name, last_name, phone, email, street, city, state, zip_code) VALUES('Teofila','Fischer',NULL,'teofila.fischer@aol.com','1 West Brickyard St. ','Huntington Station','NY',11746);
INSERT INTO sales.customers(first_name, last_name, phone, email, street, city, state, zip_code) VALUES('Lissa','Vargas',NULL,'lissa.vargas@yahoo.com','517 Victoria Ave. ','Oswego','NY',13126);
INSERT INTO sales.customers(first_name, last_name, phone, email, street, city, state, zip_code) VALUES('Yan','Mcgowan',NULL,'yan.mcgowan@msn.com','8960 Newport Ave. ','Duarte','CA',91010);
INSERT INTO sales.customers(first_name, last_name, phone, email, street, city, state, zip_code) VALUES('Titus','Bullock',NULL,'titus.bullock@gmail.com','29 Oxford Avenue ','Hollis','NY',11423);
INSERT INTO sales.customers(first_name, last_name, phone, email, street, city, state, zip_code) VALUES('Arvilla','Osborn',NULL,'arvilla.osborn@gmail.com','60 Acacia Lane ','Upland','CA',91784);
INSERT INTO sales.customers(first_name, last_name, phone, email, street, city, state, zip_code) VALUES('Marjorie','Logan',NULL,'marjorie.logan@msn.com','95 Grandrose St. ','Franklin Square','NY',11010);
INSERT INTO sales.customers(first_name, last_name, phone, email, street, city, state, zip_code) VALUES('Marvin','Mullins','(619) 635-2027','marvin.mullins@aol.com','7489 Redwood Drive ','San Diego','CA',92111);
INSERT INTO sales.customers(first_name, last_name, phone, email, street, city, state, zip_code) VALUES('Tena','Cruz',NULL,'tena.cruz@yahoo.com','1 South St. ','Farmingdale','NY',11735);
INSERT INTO sales.customers(first_name, last_name, phone, email, street, city, state, zip_code) VALUES('Corrina','Sawyer','(248) 370-1364','corrina.sawyer@yahoo.com','95 Briarwood Lane ','Troy','NY',12180);
INSERT INTO sales.customers(first_name, last_name, phone, email, street, city, state, zip_code) VALUES('Sharyn','Hopkins',NULL,'sharyn.hopkins@hotmail.com','4 South Temple Ave. ','Baldwinsville','NY',13027);
INSERT INTO sales.customers(first_name, last_name, phone, email, street, city, state, zip_code) VALUES('Letitia','Franco',NULL,'letitia.franco@aol.com','607 Lakeview Drive ','Saratoga Springs','NY',12866);
INSERT INTO sales.customers(first_name, last_name, phone, email, street, city, state, zip_code) VALUES('Floretta','Higgins',NULL,'floretta.higgins@hotmail.com','870 Lilac Dr. ','Bayside','NY',11361);
INSERT INTO sales.customers(first_name, last_name, phone, email, street, city, state, zip_code) VALUES('Louanne','Martin',NULL,'louanne.martin@hotmail.com','1 Campfire Ave. ','Yuba City','CA',95993);
INSERT INTO sales.customers(first_name, last_name, phone, email, street, city, state, zip_code) VALUES('Violet','Valenzuela',NULL,'violet.valenzuela@msn.com','8668 Piper Street ','Plattsburgh','NY',12901);
INSERT INTO sales.customers(first_name, last_name, phone, email, street, city, state, zip_code) VALUES('Carie','Kidd',NULL,'carie.kidd@yahoo.com','6 East Clinton Street ','Monroe','NY',10950);
INSERT INTO sales.customers(first_name, last_name, phone, email, street, city, state, zip_code) VALUES('Kellie','Franco',NULL,'kellie.franco@yahoo.com','444 South Walnut Rd. ','Commack','NY',11725);
INSERT INTO sales.customers(first_name, last_name, phone, email, street, city, state, zip_code) VALUES('Nichelle','Howell',NULL,'nichelle.howell@aol.com','7670 Forest St. ','Scarsdale','NY',10583);
INSERT INTO sales.customers(first_name, last_name, phone, email, street, city, state, zip_code) VALUES('Marisol','Goodman',NULL,'marisol.goodman@gmail.com','864 East Cherry St. ','Canandaigua','NY',14424);
INSERT INTO sales.customers(first_name, last_name, phone, email, street, city, state, zip_code) VALUES('Sylvie','Wilkerson',NULL,'sylvie.wilkerson@yahoo.com','750 Central Ave. ','Syosset','NY',11791);
INSERT INTO sales.customers(first_name, last_name, phone, email, street, city, state, zip_code) VALUES('Katharina','Bates',NULL,'katharina.bates@gmail.com','54 South Greenview Drive ','Campbell','CA',95008);
INSERT INTO sales.customers(first_name, last_name, phone, email, street, city, state, zip_code) VALUES('Marget','Hodge',NULL,'marget.hodge@msn.com','7199 Selby Lane ','Woodhaven','NY',11421);
INSERT INTO sales.customers(first_name, last_name, phone, email, street, city, state, zip_code) VALUES('Raul','Melendez',NULL,'raul.melendez@hotmail.com','9772 Manhattan St. ','Elmhurst','NY',11373);
INSERT INTO sales.customers(first_name, last_name, phone, email, street, city, state, zip_code) VALUES('Cecil','Hopper',NULL,'cecil.hopper@yahoo.com','471 Glenlake Ave. ','Central Islip','NY',11722);
INSERT INTO sales.customers(first_name, last_name, phone, email, street, city, state, zip_code) VALUES('Shae','Hickman',NULL,'shae.hickman@hotmail.com','740 Pin Oak Street ','Floral Park','NY',11001);
INSERT INTO sales.customers(first_name, last_name, phone, email, street, city, state, zip_code) VALUES('Monica','Sears','(408) 704-8863','monica.sears@aol.com','57 Glenholme St. ','San Jose','CA',95127);
INSERT INTO sales.customers(first_name, last_name, phone, email, street, city, state, zip_code) VALUES('Ollie','Zimmerman','(657) 648-2863','ollie.zimmerman@yahoo.com','69 Wood Rd. ','Anaheim','CA',92806);
INSERT INTO sales.customers(first_name, last_name, phone, email, street, city, state, zip_code) VALUES('Shila','White',NULL,'shila.white@msn.com','94 Lakeshore Street ','Orchard Park','NY',14127);
INSERT INTO sales.customers(first_name, last_name, phone, email, street, city, state, zip_code) VALUES('Yuk','Vega',NULL,'yuk.vega@yahoo.com','413 Wood St. ','West Hempstead','NY',11552);
INSERT INTO sales.customers(first_name, last_name, phone, email, street, city, state, zip_code) VALUES('Eliana','Silva',NULL,'eliana.silva@gmail.com','7119 Summer Rd. ','Farmingdale','NY',11735);
INSERT INTO sales.customers(first_name, last_name, phone, email, street, city, state, zip_code) VALUES('Thalia','Horne',NULL,'thalia.horne@yahoo.com','9312 Harvard Street ','Amityville','NY',11701);
INSERT INTO sales.customers(first_name, last_name, phone, email, street, city, state, zip_code) VALUES('Rey','Lindsay',NULL,'rey.lindsay@gmail.com','16 Philmont St. ','Monroe','NY',10950);
INSERT INTO sales.customers(first_name, last_name, phone, email, street, city, state, zip_code) VALUES('Merlene','Vinson',NULL,'merlene.vinson@gmail.com','431 Vine Dr. ','Euless','TX',76039);
INSERT INTO sales.customers(first_name, last_name, phone, email, street, city, state, zip_code) VALUES('Dacia','William',NULL,'dacia.william@msn.com','62 Cypress Drive ','Sugar Land','TX',77478);
INSERT INTO sales.customers(first_name, last_name, phone, email, street, city, state, zip_code) VALUES('Le','Wood',NULL,'le.wood@yahoo.com','90 Primrose Dr. ','Pittsford','NY',14534);
INSERT INTO sales.customers(first_name, last_name, phone, email, street, city, state, zip_code) VALUES('Thalia','Dillard',NULL,'thalia.dillard@yahoo.com','987 NE. Gates Street ','San Angelo','TX',76901);
INSERT INTO sales.customers(first_name, last_name, phone, email, street, city, state, zip_code) VALUES('Luz','House','(559) 114-2580','luz.house@gmail.com','491 Railroad Street ','Fresno','CA',93706);
INSERT INTO sales.customers(first_name, last_name, phone, email, street, city, state, zip_code) VALUES('Lucy','Woods',NULL,'lucy.woods@gmail.com','8437 West Rockaway St. ','Palos Verdes Peninsula','CA',90274);
INSERT INTO sales.customers(first_name, last_name, phone, email, street, city, state, zip_code) VALUES('Shena','Carter',NULL,'shena.carter@yahoo.com','72 University Road ','Howard Beach','NY',11414);
INSERT INTO sales.customers(first_name, last_name, phone, email, street, city, state, zip_code) VALUES('Robena','Hill','(361) 598-4414','robena.hill@hotmail.com','263 Cross St. ','Corpus Christi','TX',78418);
INSERT INTO sales.customers(first_name, last_name, phone, email, street, city, state, zip_code) VALUES('Jeni','Booker',NULL,'jeni.booker@gmail.com','546 Railroad Dr. ','South El Monte','CA',91733);
INSERT INTO sales.customers(first_name, last_name, phone, email, street, city, state, zip_code) VALUES('Herlinda','Stone',NULL,'herlinda.stone@msn.com','725 Gulf St. ','Canandaigua','NY',14424);
INSERT INTO sales.customers(first_name, last_name, phone, email, street, city, state, zip_code) VALUES('Lavina','Dejesus',NULL,'lavina.dejesus@msn.com','59 E. Valley Avenue ','Newburgh','NY',12550);
INSERT INTO sales.customers(first_name, last_name, phone, email, street, city, state, zip_code) VALUES('Erlinda','Nielsen',NULL,'erlinda.nielsen@aol.com','728 Oxford Lane ','Maspeth','NY',11378);
INSERT INTO sales.customers(first_name, last_name, phone, email, street, city, state, zip_code) VALUES('Terrance','Lynn',NULL,'terrance.lynn@yahoo.com','91 East Buckingham Drive ','Plattsburgh','NY',12901);
INSERT INTO sales.customers(first_name, last_name, phone, email, street, city, state, zip_code) VALUES('Walton','Dejesus',NULL,'walton.dejesus@yahoo.com','15 Washington Rd. ','Lockport','NY',14094);
INSERT INTO sales.customers(first_name, last_name, phone, email, street, city, state, zip_code) VALUES('Wes','Stanton','(248) 247-5074','wes.stanton@msn.com','8662 Tunnel Street ','Troy','NY',12180);
INSERT INTO sales.customers(first_name, last_name, phone, email, street, city, state, zip_code) VALUES('Tanesha','Hampton',NULL,'tanesha.hampton@hotmail.com','19 Belmont Ave. ','Syosset','NY',11791);
INSERT INTO sales.customers(first_name, last_name, phone, email, street, city, state, zip_code) VALUES('Boyd','Irwin',NULL,'boyd.irwin@hotmail.com','221 Whitemarsh St. ','Hamburg','NY',14075);
INSERT INTO sales.customers(first_name, last_name, phone, email, street, city, state, zip_code) VALUES('Delbert','Wilkins',NULL,'delbert.wilkins@aol.com','420 Greenview St. ','Coram','NY',11727);
INSERT INTO sales.customers(first_name, last_name, phone, email, street, city, state, zip_code) VALUES('Brianna','Moss','(516) 156-8031','brianna.moss@msn.com','4 Longfellow St. ','Hempstead','NY',11550);
INSERT INTO sales.customers(first_name, last_name, phone, email, street, city, state, zip_code) VALUES('Dorthey','Jackson','(281) 926-8010','dorthey.jackson@msn.com','9768 Brookside St. ','Houston','TX',77016);
INSERT INTO sales.customers(first_name, last_name, phone, email, street, city, state, zip_code) VALUES('Sarita','Parks',NULL,'sarita.parks@msn.com','7809 Second Lane ','Forney','TX',75126);
INSERT INTO sales.customers(first_name, last_name, phone, email, street, city, state, zip_code) VALUES('Shonta','Mercer',NULL,'shonta.mercer@aol.com','319 NE. La Sierra Avenue ','Massapequa','NY',11758);
INSERT INTO sales.customers(first_name, last_name, phone, email, street, city, state, zip_code) VALUES('Jone','Bernard','(657) 536-5165','jone.bernard@hotmail.com','99 Longbranch Court ','Anaheim','CA',92806);
INSERT INTO sales.customers(first_name, last_name, phone, email, street, city, state, zip_code) VALUES('Wanita','Davenport',NULL,'wanita.davenport@aol.com','525 Dogwood Ave. ','Spring Valley','NY',10977);
INSERT INTO sales.customers(first_name, last_name, phone, email, street, city, state, zip_code) VALUES('Cleopatra','Tate',NULL,'cleopatra.tate@aol.com','97 N. Glenwood St. ','East Elmhurst','NY',11369);
INSERT INTO sales.customers(first_name, last_name, phone, email, street, city, state, zip_code) VALUES('Ramiro','Byers',NULL,'ramiro.byers@gmail.com','16 Pleasant St. ','Saint Albans','NY',11412);
INSERT INTO sales.customers(first_name, last_name, phone, email, street, city, state, zip_code) VALUES('Nicholas','Vazquez',NULL,'nicholas.vazquez@hotmail.com','9 Roosevelt Street ','West Hempstead','NY',11552);
INSERT INTO sales.customers(first_name, last_name, phone, email, street, city, state, zip_code) VALUES('Janae','Doyle',NULL,'janae.doyle@gmail.com','760 Rose Ave. ','Jackson Heights','NY',11372);
INSERT INTO sales.customers(first_name, last_name, phone, email, street, city, state, zip_code) VALUES('Hans','Price',NULL,'hans.price@hotmail.com','51 Glendale Road ','Port Chester','NY',10573);
INSERT INTO sales.customers(first_name, last_name, phone, email, street, city, state, zip_code) VALUES('Miquel','Neal',NULL,'miquel.neal@hotmail.com','9564 Deerfield Lane ','Staten Island','NY',10301);
INSERT INTO sales.customers(first_name, last_name, phone, email, street, city, state, zip_code) VALUES('Stefany','Potter',NULL,'stefany.potter@gmail.com','256 South Academy St. ','Saratoga Springs','NY',12866);
INSERT INTO sales.customers(first_name, last_name, phone, email, street, city, state, zip_code) VALUES('Bernetta','Marquez',NULL,'bernetta.marquez@hotmail.com','626 E. Dunbar Street ','Smithtown','NY',11787);
INSERT INTO sales.customers(first_name, last_name, phone, email, street, city, state, zip_code) VALUES('Julee','Woodard',NULL,'julee.woodard@yahoo.com','869 Summerhouse Dr. ','Richmond Hill','NY',11418);
INSERT INTO sales.customers(first_name, last_name, phone, email, street, city, state, zip_code) VALUES('Meredith','Bryan',NULL,'meredith.bryan@hotmail.com','8935 E. Oxford St. ','Spring Valley','NY',10977);
INSERT INTO sales.customers(first_name, last_name, phone, email, street, city, state, zip_code) VALUES('Weldon','Michael',NULL,'weldon.michael@hotmail.com','9952 Nut Swamp St. ','Huntington','NY',11743);
INSERT INTO sales.customers(first_name, last_name, phone, email, street, city, state, zip_code) VALUES('Joesph','Delacruz',NULL,'joesph.delacruz@aol.com','184 Cypress Street ','Atwater','CA',95301);
INSERT INTO sales.customers(first_name, last_name, phone, email, street, city, state, zip_code) VALUES('Katherina','Odom',NULL,'katherina.odom@yahoo.com','897 N. Oak Drive ','Plainview','NY',11803);
INSERT INTO sales.customers(first_name, last_name, phone, email, street, city, state, zip_code) VALUES('Laraine','Robbins',NULL,'laraine.robbins@yahoo.com','8214 E. Pin Oak Lane ','San Angelo','TX',76901);
INSERT INTO sales.customers(first_name, last_name, phone, email, street, city, state, zip_code) VALUES('Jenise','Preston',NULL,'jenise.preston@yahoo.com','9 Littleton Drive ','Helotes','TX',78023);
INSERT INTO sales.customers(first_name, last_name, phone, email, street, city, state, zip_code) VALUES('Lory','Page',NULL,'lory.page@hotmail.com','58 Summerhouse Street ','Bay Shore','NY',11706);
INSERT INTO sales.customers(first_name, last_name, phone, email, street, city, state, zip_code) VALUES('Charlyn','Cantrell',NULL,'charlyn.cantrell@yahoo.com','8756 Euclid St. ','West Islip','NY',11795);
INSERT INTO sales.customers(first_name, last_name, phone, email, street, city, state, zip_code) VALUES('Carola','Rodriquez',NULL,'carola.rodriquez@hotmail.com','9433 Heritage Lane ','Banning','CA',92220);
INSERT INTO sales.customers(first_name, last_name, phone, email, street, city, state, zip_code) VALUES('Alane','Kennedy',NULL,'alane.kennedy@yahoo.com','34 Green Lake Street ','Spring Valley','NY',10977);
INSERT INTO sales.customers(first_name, last_name, phone, email, street, city, state, zip_code) VALUES('Regina','Burns',NULL,'regina.burns@aol.com','713 Buckingham St. ','Garland','TX',75043);
INSERT INTO sales.customers(first_name, last_name, phone, email, street, city, state, zip_code) VALUES('Omer','Estrada',NULL,'omer.estrada@gmail.com','9 Honey Creek Street ','Rowlett','TX',75088);
INSERT INTO sales.customers(first_name, last_name, phone, email, street, city, state, zip_code) VALUES('Crystle','Gilliam',NULL,'crystle.gilliam@yahoo.com','86 Edgewater Road ','Smithtown','NY',11787);
INSERT INTO sales.customers(first_name, last_name, phone, email, street, city, state, zip_code) VALUES('Kam','Wilder',NULL,'kam.wilder@hotmail.com','500 West Clay Ave. ','Newburgh','NY',12550);
INSERT INTO sales.customers(first_name, last_name, phone, email, street, city, state, zip_code) VALUES('Margert','Stevens',NULL,'margert.stevens@aol.com','502 North Poplar St. ','Rome','NY',13440);
INSERT INTO sales.customers(first_name, last_name, phone, email, street, city, state, zip_code) VALUES('Tomika','Larson',NULL,'tomika.larson@yahoo.com','254 Canal St. ','Woodside','NY',11377);
INSERT INTO sales.customers(first_name, last_name, phone, email, street, city, state, zip_code) VALUES('Jeromy','Burch','(408) 955-8238','jeromy.burch@msn.com','889 Mulberry Street ','San Jose','CA',95127);
INSERT INTO sales.customers(first_name, last_name, phone, email, street, city, state, zip_code) VALUES('Lena','Mills',NULL,'lena.mills@yahoo.com','42 Homestead St. ','Woodhaven','NY',11421);
INSERT INTO sales.customers(first_name, last_name, phone, email, street, city, state, zip_code) VALUES('Loreta','Johnston',NULL,'loreta.johnston@yahoo.com','39 Lafayette Dr. ','Spring Valley','NY',10977);
INSERT INTO sales.customers(first_name, last_name, phone, email, street, city, state, zip_code) VALUES('Nettie','Mcdaniel',NULL,'nettie.mcdaniel@hotmail.com','7004 E. Wakehurst St. ','South Ozone Park','NY',11420);
INSERT INTO sales.customers(first_name, last_name, phone, email, street, city, state, zip_code) VALUES('Karla','Kirk',NULL,'karla.kirk@yahoo.com','9718 Harvard Rd. ','Palos Verdes Peninsula','CA',90274);
INSERT INTO sales.customers(first_name, last_name, phone, email, street, city, state, zip_code) VALUES('Regine','Gonzales','(805) 763-4045','regine.gonzales@gmail.com','798 Court Drive ','Oxnard','CA',93035);
INSERT INTO sales.customers(first_name, last_name, phone, email, street, city, state, zip_code) VALUES('Miriam','Baker',NULL,'miriam.baker@hotmail.com','90 Studebaker St. ','Uniondale','NY',11553);
INSERT INTO sales.customers(first_name, last_name, phone, email, street, city, state, zip_code) VALUES('Jeanie','Kirkland',NULL,'jeanie.kirkland@aol.com','7643 Old Theatre St. ','Santa Clara','CA',95050);
INSERT INTO sales.customers(first_name, last_name, phone, email, street, city, state, zip_code) VALUES('Marquerite','Dawson',NULL,'marquerite.dawson@gmail.com','37 Hamilton Court ','Garland','TX',75043);
INSERT INTO sales.customers(first_name, last_name, phone, email, street, city, state, zip_code) VALUES('Babara','Ochoa',NULL,'babara.ochoa@aol.com','872 Smith Store St. ','Scarsdale','NY',10583);
INSERT INTO sales.customers(first_name, last_name, phone, email, street, city, state, zip_code) VALUES('Nova','Hess',NULL,'nova.hess@msn.com','773 South Lafayette St. ','Duarte','CA',91010);
INSERT INTO sales.customers(first_name, last_name, phone, email, street, city, state, zip_code) VALUES('Carley','Reynolds',NULL,'carley.reynolds@gmail.com','2 Snake Hill Drive ','South El Monte','CA',91733);
INSERT INTO sales.customers(first_name, last_name, phone, email, street, city, state, zip_code) VALUES('Carissa','Foreman',NULL,'carissa.foreman@msn.com','69C N. Ridge Rd. ','Maspeth','NY',11378);
INSERT INTO sales.customers(first_name, last_name, phone, email, street, city, state, zip_code) VALUES('Genoveva','Tyler','(212) 152-6381','genoveva.tyler@gmail.com','8121 Windfall Ave. ','New York','NY',10002);
INSERT INTO sales.customers(first_name, last_name, phone, email, street, city, state, zip_code) VALUES('Deane','Sears',NULL,'deane.sears@hotmail.com','3 Bradford Court ','Pittsford','NY',14534);
INSERT INTO sales.customers(first_name, last_name, phone, email, street, city, state, zip_code) VALUES('Karey','Steele',NULL,'karey.steele@gmail.com','8879 Kent Lane ','Farmingdale','NY',11735);
INSERT INTO sales.customers(first_name, last_name, phone, email, street, city, state, zip_code) VALUES('Olevia','Pitts',NULL,'olevia.pitts@gmail.com','39 Fieldstone Drive ','Redondo Beach','CA',90278);
INSERT INTO sales.customers(first_name, last_name, phone, email, street, city, state, zip_code) VALUES('Jenniffer','Bullock',NULL,'jenniffer.bullock@msn.com','38 Oxford Avenue ','Bay Shore','NY',11706);
INSERT INTO sales.customers(first_name, last_name, phone, email, street, city, state, zip_code) VALUES('Jeniffer','Ratliff',NULL,'jeniffer.ratliff@gmail.com','510 Rocky River Court ','Floral Park','NY',11001);
INSERT INTO sales.customers(first_name, last_name, phone, email, street, city, state, zip_code) VALUES('Klara','Stanley',NULL,'klara.stanley@aol.com','603 Mechanic St. ','Webster','NY',14580);
INSERT INTO sales.customers(first_name, last_name, phone, email, street, city, state, zip_code) VALUES('Morton','Lee',NULL,'morton.lee@yahoo.com','313 Ridge St. ','San Angelo','TX',76901);
INSERT INTO sales.customers(first_name, last_name, phone, email, street, city, state, zip_code) VALUES('Ken','Charles',NULL,'ken.charles@msn.com','9124 W. Piper Lane ','Monsey','NY',10952);
INSERT INTO sales.customers(first_name, last_name, phone, email, street, city, state, zip_code) VALUES('Hedwig','Paul',NULL,'hedwig.paul@msn.com','422 Manor Ave. ','Apple Valley','CA',92307);
INSERT INTO sales.customers(first_name, last_name, phone, email, street, city, state, zip_code) VALUES('Sharla','Flynn','(805) 478-7724','sharla.flynn@hotmail.com','7 Brown Drive ','Oxnard','CA',93035);
INSERT INTO sales.customers(first_name, last_name, phone, email, street, city, state, zip_code) VALUES('Damian','Dawson',NULL,'damian.dawson@hotmail.com','528 St Margarets Street ','Liverpool','NY',13090);
INSERT INTO sales.customers(first_name, last_name, phone, email, street, city, state, zip_code) VALUES('Toya','Pratt','(562) 218-6405','toya.pratt@yahoo.com','485 San Pablo Drive ','Long Beach','NY',11561);
INSERT INTO sales.customers(first_name, last_name, phone, email, street, city, state, zip_code) VALUES('Graciela','Barber','(805) 656-6987','graciela.barber@hotmail.com','1 E. Young St. ','Oxnard','CA',93035);
INSERT INTO sales.customers(first_name, last_name, phone, email, street, city, state, zip_code) VALUES('Bong','Hebert',NULL,'bong.hebert@gmail.com','545 Brook St. ','Torrance','CA',90505);
INSERT INTO sales.customers(first_name, last_name, phone, email, street, city, state, zip_code) VALUES('Ayanna','Rhodes',NULL,'ayanna.rhodes@msn.com','7425 Pheasant St. ','Hicksville','NY',11801);
INSERT INTO sales.customers(first_name, last_name, phone, email, street, city, state, zip_code) VALUES('Dorine','Roberson',NULL,'dorine.roberson@msn.com','396 Meadowbrook Lane ','Santa Cruz','CA',95060);
INSERT INTO sales.customers(first_name, last_name, phone, email, street, city, state, zip_code) VALUES('Addie','Hahn',NULL,'addie.hahn@hotmail.com','8165 Baker Ave. ','Franklin Square','NY',11010);
INSERT INTO sales.customers(first_name, last_name, phone, email, street, city, state, zip_code) VALUES('Edythe','Valencia',NULL,'edythe.valencia@yahoo.com','9346 Wall St. ','North Tonawanda','NY',14120);
INSERT INTO sales.customers(first_name, last_name, phone, email, street, city, state, zip_code) VALUES('Andy','O''neill',NULL,'andy.o''neill@msn.com','9544 Mulberry Drive ','Rego Park','NY',11374);
INSERT INTO sales.customers(first_name, last_name, phone, email, street, city, state, zip_code) VALUES('Luis','Tyler',NULL,'luis.tyler@gmail.com','9568 Campfire Circle ','Amarillo','TX',79106);
INSERT INTO sales.customers(first_name, last_name, phone, email, street, city, state, zip_code) VALUES('Clelia','Workman',NULL,'clelia.workman@yahoo.com','620 North Somerset St. ','New Windsor','NY',12553);
INSERT INTO sales.customers(first_name, last_name, phone, email, street, city, state, zip_code) VALUES('Ashely','Holmes',NULL,'ashely.holmes@aol.com','45 High Ridge Ave. ','Farmingdale','NY',11735);
INSERT INTO sales.customers(first_name, last_name, phone, email, street, city, state, zip_code) VALUES('Candis','Harding',NULL,'candis.harding@gmail.com','33 NW. Cambridge Ave. ','Ballston Spa','NY',12020);
INSERT INTO sales.customers(first_name, last_name, phone, email, street, city, state, zip_code) VALUES('Marni','Bolton','(717) 670-6268','marni.bolton@msn.com','7469 Plymouth Ave. ','Lancaster','NY',14086);
INSERT INTO sales.customers(first_name, last_name, phone, email, street, city, state, zip_code) VALUES('Minerva','Decker','(281) 271-6390','minerva.decker@yahoo.com','794 Greenrose Street ','Houston','TX',77016);
INSERT INTO sales.customers(first_name, last_name, phone, email, street, city, state, zip_code) VALUES('Alpha','King',NULL,'alpha.king@hotmail.com','14 Henry Smith St. ','Rockville Centre','NY',11570);
INSERT INTO sales.customers(first_name, last_name, phone, email, street, city, state, zip_code) VALUES('Harris','Pittman',NULL,'harris.pittman@yahoo.com','404 Cherry Hill Road ','Jamaica','NY',11432);
INSERT INTO sales.customers(first_name, last_name, phone, email, street, city, state, zip_code) VALUES('Stephaine','Riddle',NULL,'stephaine.riddle@hotmail.com','199 Vermont Court ','Brooklyn','NY',11201);
INSERT INTO sales.customers(first_name, last_name, phone, email, street, city, state, zip_code) VALUES('Michel','Blankenship',NULL,'michel.blankenship@msn.com','382 West Hill Dr. ','Forney','TX',75126);
INSERT INTO sales.customers(first_name, last_name, phone, email, street, city, state, zip_code) VALUES('Denis','Logan',NULL,'denis.logan@msn.com','121 Rockcrest Street ','Ridgecrest','CA',93555);
INSERT INTO sales.customers(first_name, last_name, phone, email, street, city, state, zip_code) VALUES('Jutta','Everett',NULL,'jutta.everett@gmail.com','27 Taylor Ave. ','Selden','NY',11784);
INSERT INTO sales.customers(first_name, last_name, phone, email, street, city, state, zip_code) VALUES('Priscilla','Wilkins','(229) 322-2269','priscilla.wilkins@aol.com','653 Pawnee Rd. ','Albany','NY',12203);
INSERT INTO sales.customers(first_name, last_name, phone, email, street, city, state, zip_code) VALUES('Gilma','Dejesus',NULL,'gilma.dejesus@yahoo.com','777 Thompson Ave. ','Scarsdale','NY',10583);
INSERT INTO sales.customers(first_name, last_name, phone, email, street, city, state, zip_code) VALUES('Buford','Bridges','(248) 604-7346','buford.bridges@msn.com','239 Oak Valley Court ','Troy','NY',12180);
INSERT INTO sales.customers(first_name, last_name, phone, email, street, city, state, zip_code) VALUES('Elenore','Hensley',NULL,'elenore.hensley@hotmail.com','7037 Aspen St. ','Hamburg','NY',14075);
INSERT INTO sales.customers(first_name, last_name, phone, email, street, city, state, zip_code) VALUES('Ross','Pugh',NULL,'ross.pugh@msn.com','8598 Saxon St. ','North Tonawanda','NY',14120);
INSERT INTO sales.customers(first_name, last_name, phone, email, street, city, state, zip_code) VALUES('Judith','Finley',NULL,'judith.finley@hotmail.com','474 West Bank Road ','Whitestone','NY',11357);
INSERT INTO sales.customers(first_name, last_name, phone, email, street, city, state, zip_code) VALUES('Wai','Soto',NULL,'wai.soto@msn.com','30 Arch Drive ','Bethpage','NY',11714);
INSERT INTO sales.customers(first_name, last_name, phone, email, street, city, state, zip_code) VALUES('Carline','Collier','(559) 810-6070','carline.collier@msn.com','28 Trenton Lane ','Fresno','CA',93706);
INSERT INTO sales.customers(first_name, last_name, phone, email, street, city, state, zip_code) VALUES('Casey','Gill',NULL,'casey.gill@gmail.com','636 Prospect Avenue ','Port Washington','NY',11050);
INSERT INTO sales.customers(first_name, last_name, phone, email, street, city, state, zip_code) VALUES('Darcie','Morgan','(442) 618-7068','darcie.morgan@aol.com','476 East Adams Ave. ','Oceanside','NY',11572);
INSERT INTO sales.customers(first_name, last_name, phone, email, street, city, state, zip_code) VALUES('Lucio','Sherman',NULL,'lucio.sherman@gmail.com','842 Corona Ave. ','Smithtown','NY',11787);
INSERT INTO sales.customers(first_name, last_name, phone, email, street, city, state, zip_code) VALUES('Clementine','Mooney',NULL,'clementine.mooney@yahoo.com','678 Charles Court ','Mcallen','TX',78501);
INSERT INTO sales.customers(first_name, last_name, phone, email, street, city, state, zip_code) VALUES('Anya','Contreras',NULL,'anya.contreras@msn.com','38 Old Fairground St. ','East Northport','NY',11731);
INSERT INTO sales.customers(first_name, last_name, phone, email, street, city, state, zip_code) VALUES('Scarlet','Yates',NULL,'scarlet.yates@hotmail.com','687 Shirley St. ','Patchogue','NY',11772);
INSERT INTO sales.customers(first_name, last_name, phone, email, street, city, state, zip_code) VALUES('Moses','Pope',NULL,'moses.pope@yahoo.com','654 Theatre Street ','Lawndale','CA',90260);
INSERT INTO sales.customers(first_name, last_name, phone, email, street, city, state, zip_code) VALUES('Barbera','Riggs',NULL,'barbera.riggs@aol.com','12 Gartner Drive ','Plainview','NY',11803);
INSERT INTO sales.customers(first_name, last_name, phone, email, street, city, state, zip_code) VALUES('Kiana','Rivera',NULL,'kiana.rivera@gmail.com','9 Sheffield Dr. ','Richmond Hill','NY',11418);
INSERT INTO sales.customers(first_name, last_name, phone, email, street, city, state, zip_code) VALUES('Danielle','Bond',NULL,'danielle.bond@msn.com','8589 Shub Farm Street ','Patchogue','NY',11772);
INSERT INTO sales.customers(first_name, last_name, phone, email, street, city, state, zip_code) VALUES('Whitney','Estes','(631) 315-4020','whitney.estes@gmail.com','454 Bear Hill Street ','Brentwood','NY',11717);
INSERT INTO sales.customers(first_name, last_name, phone, email, street, city, state, zip_code) VALUES('Molly','Langley',NULL,'molly.langley@aol.com','63 Bridgeton Street ','Holbrook','NY',11741);
INSERT INTO sales.customers(first_name, last_name, phone, email, street, city, state, zip_code) VALUES('Chelsey','Hardin',NULL,'chelsey.hardin@hotmail.com','13 Brickyard Street ','Deer Park','NY',11729);
INSERT INTO sales.customers(first_name, last_name, phone, email, street, city, state, zip_code) VALUES('Jenee','Rasmussen','(916) 219-1774','jenee.rasmussen@hotmail.com','19 George Lane ','Sacramento','CA',95820);
INSERT INTO sales.customers(first_name, last_name, phone, email, street, city, state, zip_code) VALUES('Freddie','Mathis',NULL,'freddie.mathis@hotmail.com','31 Shady St. ','Euless','TX',76039);
INSERT INTO sales.customers(first_name, last_name, phone, email, street, city, state, zip_code) VALUES('Mariana','Strong',NULL,'mariana.strong@msn.com','972 Dunbar Dr. ','Santa Clara','CA',95050);
INSERT INTO sales.customers(first_name, last_name, phone, email, street, city, state, zip_code) VALUES('Winfred','Harris',NULL,'winfred.harris@msn.com','734 Glen Eagles St. ','East Meadow','NY',11554);
INSERT INTO sales.customers(first_name, last_name, phone, email, street, city, state, zip_code) VALUES('Jeromy','Elliott',NULL,'jeromy.elliott@gmail.com','7112 Laurel Street ','Bay Shore','NY',11706);
INSERT INTO sales.customers(first_name, last_name, phone, email, street, city, state, zip_code) VALUES('Verona','O''neill',NULL,'verona.o''neill@hotmail.com','8279 W. Sussex St. ','Selden','NY',11784);
INSERT INTO sales.customers(first_name, last_name, phone, email, street, city, state, zip_code) VALUES('Elvera','Peck',NULL,'elvera.peck@yahoo.com','759 Lakewood Street ','Banning','CA',92220);
INSERT INTO sales.customers(first_name, last_name, phone, email, street, city, state, zip_code) VALUES('Cindi','Larson',NULL,'cindi.larson@msn.com','896 Golden Star Rd. ','Howard Beach','NY',11414);
INSERT INTO sales.customers(first_name, last_name, phone, email, street, city, state, zip_code) VALUES('Felice','Guzman',NULL,'felice.guzman@hotmail.com','7 Creekside Lane ','Canyon Country','CA',91387);
INSERT INTO sales.customers(first_name, last_name, phone, email, street, city, state, zip_code) VALUES('Le','Deleon',NULL,'le.deleon@msn.com','58 Clark Court ','Banning','CA',92220);
INSERT INTO sales.customers(first_name, last_name, phone, email, street, city, state, zip_code) VALUES('Manie','Sanchez',NULL,'manie.sanchez@hotmail.com','471 Illinois Ave. ','Queensbury','NY',12804);
INSERT INTO sales.customers(first_name, last_name, phone, email, street, city, state, zip_code) VALUES('Rutha','Howell',NULL,'rutha.howell@gmail.com','9247 Jones Street ','Canyon Country','CA',91387);
INSERT INTO sales.customers(first_name, last_name, phone, email, street, city, state, zip_code) VALUES('Natosha','Rowland',NULL,'natosha.rowland@aol.com','51 Elmwood St. ','Ballston Spa','NY',12020);
INSERT INTO sales.customers(first_name, last_name, phone, email, street, city, state, zip_code) VALUES('Jessika','Bray',NULL,'jessika.bray@yahoo.com','37 East Greystone St. ','San Pablo','CA',94806);
INSERT INTO sales.customers(first_name, last_name, phone, email, street, city, state, zip_code) VALUES('Delila','Hamilton',NULL,'delila.hamilton@yahoo.com','7451 East James Ave. ','Palos Verdes Peninsula','CA',90274);
INSERT INTO sales.customers(first_name, last_name, phone, email, street, city, state, zip_code) VALUES('Dionne','Norris',NULL,'dionne.norris@yahoo.com','9993 Greenview Circle ','Niagara Falls','NY',14304);
INSERT INTO sales.customers(first_name, last_name, phone, email, street, city, state, zip_code) VALUES('Muriel','Juarez',NULL,'muriel.juarez@gmail.com','8073 Cemetery Drive ','Palos Verdes Peninsula','CA',90274);
INSERT INTO sales.customers(first_name, last_name, phone, email, street, city, state, zip_code) VALUES('Cecelia','Gill',NULL,'cecelia.gill@aol.com','372 Silver Spear Dr. ','Mcallen','TX',78501);
INSERT INTO sales.customers(first_name, last_name, phone, email, street, city, state, zip_code) VALUES('Magda','Eaton',NULL,'magda.eaton@aol.com','860 Middle River Street ','Ossining','NY',10562);
INSERT INTO sales.customers(first_name, last_name, phone, email, street, city, state, zip_code) VALUES('Ivonne','Yang','(915) 181-1950','ivonne.yang@gmail.com','7359 North Lake View St. ','El Paso','TX',79930);
INSERT INTO sales.customers(first_name, last_name, phone, email, street, city, state, zip_code) VALUES('Kasie','Rodriquez',NULL,'kasie.rodriquez@aol.com','7 North Beech St. ','Ballston Spa','NY',12020);
INSERT INTO sales.customers(first_name, last_name, phone, email, street, city, state, zip_code) VALUES('Eleni','Gordon',NULL,'eleni.gordon@hotmail.com','583 W. San Carlos Street ','Richmond Hill','NY',11418);
INSERT INTO sales.customers(first_name, last_name, phone, email, street, city, state, zip_code) VALUES('Maurice','Norton',NULL,'maurice.norton@hotmail.com','32 Mayflower Dr. ','Atwater','CA',95301);
INSERT INTO sales.customers(first_name, last_name, phone, email, street, city, state, zip_code) VALUES('Cristobal','Hutchinson',NULL,'cristobal.hutchinson@gmail.com','58 Washington Avenue ','Lawndale','CA',90260);
INSERT INTO sales.customers(first_name, last_name, phone, email, street, city, state, zip_code) VALUES('Flossie','Holder',NULL,'flossie.holder@msn.com','8459 W. Newport Court ','Massapequa Park','NY',11762);
INSERT INTO sales.customers(first_name, last_name, phone, email, street, city, state, zip_code) VALUES('Erma','Salinas',NULL,'erma.salinas@gmail.com','347 Sheffield St. ','Merrick','NY',11566);
INSERT INTO sales.customers(first_name, last_name, phone, email, street, city, state, zip_code) VALUES('Earl','Stanley',NULL,'earl.stanley@gmail.com','569 Lake Lane ','Elmhurst','NY',11373);
INSERT INTO sales.customers(first_name, last_name, phone, email, street, city, state, zip_code) VALUES('Maribel','William',NULL,'maribel.william@aol.com','65 Magnolia Ave. ','Torrance','CA',90505);
INSERT INTO sales.customers(first_name, last_name, phone, email, street, city, state, zip_code) VALUES('Johnathan','Velazquez',NULL,'johnathan.velazquez@hotmail.com','9680 E. Somerset Street ','Pleasanton','CA',94566);
INSERT INTO sales.customers(first_name, last_name, phone, email, street, city, state, zip_code) VALUES('Rodrick','Shelton',NULL,'rodrick.shelton@hotmail.com','7157 Addison Street ','Canyon Country','CA',91387);
INSERT INTO sales.customers(first_name, last_name, phone, email, street, city, state, zip_code) VALUES('Ferne','Kline',NULL,'ferne.kline@hotmail.com','303 Shady St. ','Fullerton','CA',92831);
INSERT INTO sales.customers(first_name, last_name, phone, email, street, city, state, zip_code) VALUES('Rubin','Decker','(716) 950-9835','rubin.decker@gmail.com','9875 Shady Ave. ','Buffalo','NY',14215);
INSERT INTO sales.customers(first_name, last_name, phone, email, street, city, state, zip_code) VALUES('Dortha','Jarvis','(442) 919-8256','dortha.jarvis@yahoo.com','76 Prince Drive ','Oceanside','NY',11572);
INSERT INTO sales.customers(first_name, last_name, phone, email, street, city, state, zip_code) VALUES('Mariela','Huffman',NULL,'mariela.huffman@gmail.com','531 Fieldstone Road ','Garden City','NY',11530);
INSERT INTO sales.customers(first_name, last_name, phone, email, street, city, state, zip_code) VALUES('Mellisa','Farley',NULL,'mellisa.farley@yahoo.com','21 West Princess St. ','Central Islip','NY',11722);
INSERT INTO sales.customers(first_name, last_name, phone, email, street, city, state, zip_code) VALUES('Myung','Hooper',NULL,'myung.hooper@gmail.com','951 Mill Road ','Elmont','NY',11003);
INSERT INTO sales.customers(first_name, last_name, phone, email, street, city, state, zip_code) VALUES('Angelina','Lloyd',NULL,'angelina.lloyd@yahoo.com','9593 North Sherman Dr. ','Apple Valley','CA',92307);
INSERT INTO sales.customers(first_name, last_name, phone, email, street, city, state, zip_code) VALUES('Trinity','Riddle',NULL,'trinity.riddle@aol.com','23 Oakland Lane ','Ballston Spa','NY',12020);
INSERT INTO sales.customers(first_name, last_name, phone, email, street, city, state, zip_code) VALUES('Barton','Crosby',NULL,'barton.crosby@msn.com','896 Edgewater St. ','Bellmore','NY',11710);
INSERT INTO sales.customers(first_name, last_name, phone, email, street, city, state, zip_code) VALUES('Claudio','Wise',NULL,'claudio.wise@hotmail.com','810 Oxford Ave. ','Kingston','NY',12401);
INSERT INTO sales.customers(first_name, last_name, phone, email, street, city, state, zip_code) VALUES('Katheleen','Marks',NULL,'katheleen.marks@yahoo.com','69 North Tower St. ','Longview','TX',75604);
INSERT INTO sales.customers(first_name, last_name, phone, email, street, city, state, zip_code) VALUES('Deja','Chaney',NULL,'deja.chaney@hotmail.com','52 Woodside Ave. ','Jamaica','NY',11432);
INSERT INTO sales.customers(first_name, last_name, phone, email, street, city, state, zip_code) VALUES('Queenie','Vance',NULL,'queenie.vance@gmail.com','172 Arcadia Ave. ','Ozone Park','NY',11417);
INSERT INTO sales.customers(first_name, last_name, phone, email, street, city, state, zip_code) VALUES('Josh','Shaw',NULL,'josh.shaw@gmail.com','212 North Leeton Ridge Street ','Hopewell Junction','NY',12533);
INSERT INTO sales.customers(first_name, last_name, phone, email, street, city, state, zip_code) VALUES('Pinkie','Kirkland',NULL,'pinkie.kirkland@yahoo.com','18 Myers St. ','San Angelo','TX',76901);
INSERT INTO sales.customers(first_name, last_name, phone, email, street, city, state, zip_code) VALUES('Lavette','Wright',NULL,'lavette.wright@msn.com','6 Windsor Street ','Ronkonkoma','NY',11779);
INSERT INTO sales.customers(first_name, last_name, phone, email, street, city, state, zip_code) VALUES('Mark','Garrett',NULL,'mark.garrett@msn.com','285 Rosewood Dr. ','Monroe','NY',10950);
INSERT INTO sales.customers(first_name, last_name, phone, email, street, city, state, zip_code) VALUES('Myesha','Burgess',NULL,'myesha.burgess@gmail.com','306 Trenton Rd. ','Campbell','CA',95008);
INSERT INTO sales.customers(first_name, last_name, phone, email, street, city, state, zip_code) VALUES('Justina','Long',NULL,'justina.long@aol.com','39 Littleton Ave. ','South El Monte','CA',91733);
INSERT INTO sales.customers(first_name, last_name, phone, email, street, city, state, zip_code) VALUES('Brenda','Tate',NULL,'brenda.tate@msn.com','36 Hilltop Street ','San Angelo','TX',76901);
INSERT INTO sales.customers(first_name, last_name, phone, email, street, city, state, zip_code) VALUES('Rayna','Perry',NULL,'rayna.perry@hotmail.com','7238 Oakland St. ','Ozone Park','NY',11417);
INSERT INTO sales.customers(first_name, last_name, phone, email, street, city, state, zip_code) VALUES('Randolph','Chase',NULL,'randolph.chase@yahoo.com','828 Bridle Ave. ','San Lorenzo','CA',94580);
INSERT INTO sales.customers(first_name, last_name, phone, email, street, city, state, zip_code) VALUES('Jaimee','Day',NULL,'jaimee.day@aol.com','7534 Whitemarsh Ave. ','Poughkeepsie','NY',12601);
INSERT INTO sales.customers(first_name, last_name, phone, email, street, city, state, zip_code) VALUES('Susann','Bass',NULL,'susann.bass@msn.com','21 Old Rock Maple Ave. ','Commack','NY',11725);
INSERT INTO sales.customers(first_name, last_name, phone, email, street, city, state, zip_code) VALUES('Leola','Gould',NULL,'leola.gould@gmail.com','8 Kirkland St. ','Astoria','NY',11102);
INSERT INTO sales.customers(first_name, last_name, phone, email, street, city, state, zip_code) VALUES('Virgil','Frost',NULL,'virgil.frost@gmail.com','9798 Beacon St. ','Levittown','NY',11756);
INSERT INTO sales.customers(first_name, last_name, phone, email, street, city, state, zip_code) VALUES('Mireille','Puckett','(805) 961-9909','mireille.puckett@hotmail.com','378 Purple Finch Drive ','Oxnard','CA',93035);
INSERT INTO sales.customers(first_name, last_name, phone, email, street, city, state, zip_code) VALUES('Keturah','Massey',NULL,'keturah.massey@msn.com','189 Arnold Drive ','Banning','CA',92220);
INSERT INTO sales.customers(first_name, last_name, phone, email, street, city, state, zip_code) VALUES('Charmain','Webster',NULL,'charmain.webster@hotmail.com','36 East Stonybrook Rd. ','Richardson','TX',75080);
INSERT INTO sales.customers(first_name, last_name, phone, email, street, city, state, zip_code) VALUES('Barry','Buckner',NULL,'barry.buckner@gmail.com','8779 High Noon Rd. ','Centereach','NY',11720);
INSERT INTO sales.customers(first_name, last_name, phone, email, street, city, state, zip_code) VALUES('Boyce','Burks',NULL,'boyce.burks@gmail.com','879 Harvey Dr. ','Sunnyside','NY',11104);
INSERT INTO sales.customers(first_name, last_name, phone, email, street, city, state, zip_code) VALUES('Monty','Frost','(516) 460-5396','monty.frost@aol.com','76 Foxrun Dr. ','Hempstead','NY',11550);
INSERT INTO sales.customers(first_name, last_name, phone, email, street, city, state, zip_code) VALUES('Tiny','French',NULL,'tiny.french@hotmail.com','7163 Hall St. ','Plainview','NY',11803);
INSERT INTO sales.customers(first_name, last_name, phone, email, street, city, state, zip_code) VALUES('Clementina','Sargent',NULL,'clementina.sargent@hotmail.com','9853 Catherine Road ','Rome','NY',13440);
INSERT INTO sales.customers(first_name, last_name, phone, email, street, city, state, zip_code) VALUES('Danny','Kim',NULL,'danny.kim@msn.com','74 Essex Drive ','South Ozone Park','NY',11420);
INSERT INTO sales.customers(first_name, last_name, phone, email, street, city, state, zip_code) VALUES('Sophia','Mcmillan',NULL,'sophia.mcmillan@msn.com','8541 S. Pleasant Street ','Uniondale','NY',11553);
INSERT INTO sales.customers(first_name, last_name, phone, email, street, city, state, zip_code) VALUES('Christia','Carson',NULL,'christia.carson@gmail.com','220 Orchard Street ','Helotes','TX',78023);
INSERT INTO sales.customers(first_name, last_name, phone, email, street, city, state, zip_code) VALUES('Jennie','Middleton',NULL,'jennie.middleton@gmail.com','95 High Noon Dr. ','Upland','CA',91784);
INSERT INTO sales.customers(first_name, last_name, phone, email, street, city, state, zip_code) VALUES('Jame','Riggs',NULL,'jame.riggs@hotmail.com','9237 Hudson Drive ','Bay Shore','NY',11706);
INSERT INTO sales.customers(first_name, last_name, phone, email, street, city, state, zip_code) VALUES('Rayford','Simon',NULL,'rayford.simon@msn.com','998 Whitemarsh Road ','Mountain View','CA',94043);
INSERT INTO sales.customers(first_name, last_name, phone, email, street, city, state, zip_code) VALUES('Annett','Garrett',NULL,'annett.garrett@yahoo.com','19 Euclid Lane ','Scarsdale','NY',10583);
INSERT INTO sales.customers(first_name, last_name, phone, email, street, city, state, zip_code) VALUES('Hayden','Cross',NULL,'hayden.cross@gmail.com','90 Pumpkin Hill St. ','Apple Valley','CA',92307);
INSERT INTO sales.customers(first_name, last_name, phone, email, street, city, state, zip_code) VALUES('Rolanda','Larsen',NULL,'rolanda.larsen@yahoo.com','5 West University Court ','Woodhaven','NY',11421);
INSERT INTO sales.customers(first_name, last_name, phone, email, street, city, state, zip_code) VALUES('Jayme','Zamora',NULL,'jayme.zamora@gmail.com','2 Ridge Lane ','Springfield Gardens','NY',11413);
INSERT INTO sales.customers(first_name, last_name, phone, email, street, city, state, zip_code) VALUES('Hope','Cotton',NULL,'hope.cotton@aol.com','9092 Blue Spring Dr. ','Redondo Beach','CA',90278);
INSERT INTO sales.customers(first_name, last_name, phone, email, street, city, state, zip_code) VALUES('Vikki','Erickson',NULL,'vikki.erickson@yahoo.com','24 Jones Street ','Kingston','NY',12401);
INSERT INTO sales.customers(first_name, last_name, phone, email, street, city, state, zip_code) VALUES('Fransisca','Nicholson',NULL,'fransisca.nicholson@aol.com','945 Schoolhouse Street ','Glendora','CA',91740);
INSERT INTO sales.customers(first_name, last_name, phone, email, street, city, state, zip_code) VALUES('Mazie','Fernandez',NULL,'mazie.fernandez@hotmail.com','583 Harvard Ave. ','Webster','NY',14580);
INSERT INTO sales.customers(first_name, last_name, phone, email, street, city, state, zip_code) VALUES('Anderson','Martin',NULL,'anderson.martin@hotmail.com','9051 Hillside Dr. ','Canandaigua','NY',14424);
INSERT INTO sales.customers(first_name, last_name, phone, email, street, city, state, zip_code) VALUES('Gilberto','Parsons',NULL,'gilberto.parsons@gmail.com','8115 North Edgewater Drive ','Middle Village','NY',11379);
INSERT INTO sales.customers(first_name, last_name, phone, email, street, city, state, zip_code) VALUES('Charise','Burt','(559) 888-2229','charise.burt@aol.com','582 Creek St. ','Fresno','CA',93706);
INSERT INTO sales.customers(first_name, last_name, phone, email, street, city, state, zip_code) VALUES('Cameron','Carroll',NULL,'cameron.carroll@yahoo.com','9133 South Halifax Ave. ','Longview','TX',75604);
INSERT INTO sales.customers(first_name, last_name, phone, email, street, city, state, zip_code) VALUES('Melani','Jarvis',NULL,'melani.jarvis@hotmail.com','8 Tunnel St. ','Maspeth','NY',11378);
INSERT INTO sales.customers(first_name, last_name, phone, email, street, city, state, zip_code) VALUES('Javier','Nichols',NULL,'javier.nichols@msn.com','8944 Marconi St. ','Rowlett','TX',75088);
INSERT INTO sales.customers(first_name, last_name, phone, email, street, city, state, zip_code) VALUES('Justina','Jenkins',NULL,'justina.jenkins@yahoo.com','8236 Creek St. ','Baldwin','NY',11510);
INSERT INTO sales.customers(first_name, last_name, phone, email, street, city, state, zip_code) VALUES('Hortencia','Graham',NULL,'hortencia.graham@aol.com','7764 Greenrose Street ','Euless','TX',76039);
INSERT INTO sales.customers(first_name, last_name, phone, email, street, city, state, zip_code) VALUES('Christia','Wilkins',NULL,'christia.wilkins@msn.com','7062 Willow Court ','Woodside','NY',11377);
INSERT INTO sales.customers(first_name, last_name, phone, email, street, city, state, zip_code) VALUES('Eliz','Whitney',NULL,'eliz.whitney@msn.com','523 Crescent Court ','Fullerton','CA',92831);
INSERT INTO sales.customers(first_name, last_name, phone, email, street, city, state, zip_code) VALUES('Justin','Newton',NULL,'justin.newton@hotmail.com','93 Shore Rd. ','Apple Valley','CA',92307);
INSERT INTO sales.customers(first_name, last_name, phone, email, street, city, state, zip_code) VALUES('Aron','Wiggins','(442) 497-3353','aron.wiggins@aol.com','6 Bradford St. ','Oceanside','NY',11572);
INSERT INTO sales.customers(first_name, last_name, phone, email, street, city, state, zip_code) VALUES('Chere','Hardin',NULL,'chere.hardin@yahoo.com','763 Fulton Road ','Brooklyn','NY',11201);
INSERT INTO sales.customers(first_name, last_name, phone, email, street, city, state, zip_code) VALUES('Merideth','Preston',NULL,'merideth.preston@yahoo.com','794 Rockaway St. ','Poughkeepsie','NY',12601);
INSERT INTO sales.customers(first_name, last_name, phone, email, street, city, state, zip_code) VALUES('Jeniffer','Slater',NULL,'jeniffer.slater@aol.com','30 Old Orange Lane ','Schenectady','NY',12302);
INSERT INTO sales.customers(first_name, last_name, phone, email, street, city, state, zip_code) VALUES('Laureen','Paul',NULL,'laureen.paul@yahoo.com','617 Squaw Creek Rd. ','Bellmore','NY',11710);
INSERT INTO sales.customers(first_name, last_name, phone, email, street, city, state, zip_code) VALUES('Berna','Moore',NULL,'berna.moore@hotmail.com','7230 Lafayette Drive ','Bronx','NY',10451);
INSERT INTO sales.customers(first_name, last_name, phone, email, street, city, state, zip_code) VALUES('Shiela','Calderon',NULL,'shiela.calderon@msn.com','844 Albany St. ','Rocklin','CA',95677);
INSERT INTO sales.customers(first_name, last_name, phone, email, street, city, state, zip_code) VALUES('Sharie','Alvarez','(212) 211-7621','sharie.alvarez@msn.com','987 West Leatherwood Dr. ','New York','NY',10002);
INSERT INTO sales.customers(first_name, last_name, phone, email, street, city, state, zip_code) VALUES('Bettie','Glover',NULL,'bettie.glover@gmail.com','9083 Addison Dr. ','Euless','TX',76039);
INSERT INTO sales.customers(first_name, last_name, phone, email, street, city, state, zip_code) VALUES('Marilyn','Frank',NULL,'marilyn.frank@aol.com','8878 Branch Street ','Port Chester','NY',10573);
INSERT INTO sales.customers(first_name, last_name, phone, email, street, city, state, zip_code) VALUES('Sheba','Knapp',NULL,'sheba.knapp@aol.com','86 Gates Street ','Woodside','NY',11377);
INSERT INTO sales.customers(first_name, last_name, phone, email, street, city, state, zip_code) VALUES('Aleta','Mack',NULL,'aleta.mack@yahoo.com','8869 W. Edgemont Lane ','Bay Shore','NY',11706);
INSERT INTO sales.customers(first_name, last_name, phone, email, street, city, state, zip_code) VALUES('Reena','Higgins',NULL,'reena.higgins@gmail.com','900 South Columbia Street ','Canyon Country','CA',91387);
INSERT INTO sales.customers(first_name, last_name, phone, email, street, city, state, zip_code) VALUES('Ami','Mcmahon',NULL,'ami.mcmahon@aol.com','566 Hilldale Drive ','Sunnyside','NY',11104);
INSERT INTO sales.customers(first_name, last_name, phone, email, street, city, state, zip_code) VALUES('Somer','Jordan',NULL,'somer.jordan@msn.com','7046 Helen Avenue ','Huntington Station','NY',11746);
INSERT INTO sales.customers(first_name, last_name, phone, email, street, city, state, zip_code) VALUES('Scarlet','Reed',NULL,'scarlet.reed@hotmail.com','151 S. Myers Court ','Bronx','NY',10451);
INSERT INTO sales.customers(first_name, last_name, phone, email, street, city, state, zip_code) VALUES('Trisha','Johnson','(717) 126-8787','trisha.johnson@msn.com','59 Wild Horse St. ','Lancaster','NY',14086);
INSERT INTO sales.customers(first_name, last_name, phone, email, street, city, state, zip_code) VALUES('Majorie','Wyatt',NULL,'majorie.wyatt@yahoo.com','8507 Miller St. ','South Ozone Park','NY',11420);
INSERT INTO sales.customers(first_name, last_name, phone, email, street, city, state, zip_code) VALUES('Abbey','Pugh',NULL,'abbey.pugh@gmail.com','26 Market Drive ','Forest Hills','NY',11375);
INSERT INTO sales.customers(first_name, last_name, phone, email, street, city, state, zip_code) VALUES('Tamela','Harrell',NULL,'tamela.harrell@aol.com','7316 Cypress Rd. ','Central Islip','NY',11722);
INSERT INTO sales.customers(first_name, last_name, phone, email, street, city, state, zip_code) VALUES('Yanira','Bradshaw',NULL,'yanira.bradshaw@gmail.com','7484 Ann Court ','Smithtown','NY',11787);
INSERT INTO sales.customers(first_name, last_name, phone, email, street, city, state, zip_code) VALUES('Delana','Scott',NULL,'delana.scott@yahoo.com','7372 Ridgeview St. ','Mount Vernon','NY',10550);
INSERT INTO sales.customers(first_name, last_name, phone, email, street, city, state, zip_code) VALUES('Cassondra','Pruitt',NULL,'cassondra.pruitt@aol.com','4 Alderwood Circle ','Merrick','NY',11566);
INSERT INTO sales.customers(first_name, last_name, phone, email, street, city, state, zip_code) VALUES('Jesica','Fields',NULL,'jesica.fields@yahoo.com','318 Country Dr. ','Commack','NY',11725);
INSERT INTO sales.customers(first_name, last_name, phone, email, street, city, state, zip_code) VALUES('Herta','Rollins',NULL,'herta.rollins@msn.com','287 1st Drive ','Mountain View','CA',94043);
INSERT INTO sales.customers(first_name, last_name, phone, email, street, city, state, zip_code) VALUES('Mi','Gray','(229) 813-2130','mi.gray@aol.com','27 Roehampton Dr. ','Albany','NY',12203);
INSERT INTO sales.customers(first_name, last_name, phone, email, street, city, state, zip_code) VALUES('Jacalyn','Barnett',NULL,'jacalyn.barnett@gmail.com','7537 Swanson Street ','Maspeth','NY',11378);
INSERT INTO sales.customers(first_name, last_name, phone, email, street, city, state, zip_code) VALUES('Kanesha','Hudson','(510) 788-7298','kanesha.hudson@gmail.com','8293 Gartner Drive ','Oakland','CA',94603);
INSERT INTO sales.customers(first_name, last_name, phone, email, street, city, state, zip_code) VALUES('Darren','Witt',NULL,'darren.witt@aol.com','916 Hillcrest Ave. ','Coachella','CA',92236);
INSERT INTO sales.customers(first_name, last_name, phone, email, street, city, state, zip_code) VALUES('Mable','Pratt',NULL,'mable.pratt@gmail.com','254 SW. Temple Street ','Coachella','CA',92236);
INSERT INTO sales.customers(first_name, last_name, phone, email, street, city, state, zip_code) VALUES('Christoper','Mccall',NULL,'christoper.mccall@msn.com','72 Summit St. ','Bay Shore','NY',11706);
INSERT INTO sales.customers(first_name, last_name, phone, email, street, city, state, zip_code) VALUES('Margorie','Wynn',NULL,'margorie.wynn@gmail.com','707 Schoolhouse St. ','Monsey','NY',10952);
INSERT INTO sales.customers(first_name, last_name, phone, email, street, city, state, zip_code) VALUES('Josef','Greer',NULL,'josef.greer@gmail.com','92 Summer Court ','Jamaica','NY',11432);
INSERT INTO sales.customers(first_name, last_name, phone, email, street, city, state, zip_code) VALUES('Tisa','Whitney',NULL,'tisa.whitney@yahoo.com','549 Newbridge Dr. ','Monsey','NY',10952);
INSERT INTO sales.customers(first_name, last_name, phone, email, street, city, state, zip_code) VALUES('Tonda','Armstrong',NULL,'tonda.armstrong@aol.com','19 Forest Rd. ','Sunnyside','NY',11104);
INSERT INTO sales.customers(first_name, last_name, phone, email, street, city, state, zip_code) VALUES('Arvilla','Weiss',NULL,'arvilla.weiss@msn.com','477 Blue Spring St. ','Bay Shore','NY',11706);
INSERT INTO sales.customers(first_name, last_name, phone, email, street, city, state, zip_code) VALUES('Vashti','Rosario',NULL,'vashti.rosario@yahoo.com','623 Johnson Circle ','Bronx','NY',10451);
INSERT INTO sales.customers(first_name, last_name, phone, email, street, city, state, zip_code) VALUES('Sheri','Cole','(408) 658-2285','sheri.cole@aol.com','479 Chapel Court ','San Jose','CA',95127);
INSERT INTO sales.customers(first_name, last_name, phone, email, street, city, state, zip_code) VALUES('Kandace','Giles',NULL,'kandace.giles@msn.com','30 NE. Walt Whitman Drive ','Wantagh','NY',11793);
INSERT INTO sales.customers(first_name, last_name, phone, email, street, city, state, zip_code) VALUES('Angie','Powers',NULL,'angie.powers@aol.com','6 Rockland Dr. ','Pomona','CA',91768);

CREATE TABLE ORDERS
(
order_id INT, 
customer_id INT, 
order_status VARCHAR(25), 
order_date DATE, 
required_date DATE, 
shipped_date DATE, 
store_id INT,
staff_id INT
);

INSERT INTO sales.orders(order_id, customer_id, order_status, order_date, required_date, shipped_date, store_id,staff_id) VALUES(1,259,4,'20160101','20160103','20160103',1,2);
INSERT INTO sales.orders(order_id, customer_id, order_status, order_date, required_date, shipped_date, store_id,staff_id) VALUES(2,1212,4,'20160101','20160104','20160103',2,6);
INSERT INTO sales.orders(order_id, customer_id, order_status, order_date, required_date, shipped_date, store_id,staff_id) VALUES(3,523,4,'20160102','20160105','20160103',2,7);
INSERT INTO sales.orders(order_id, customer_id, order_status, order_date, required_date, shipped_date, store_id,staff_id) VALUES(4,175,4,'20160103','20160104','20160105',1,3);
INSERT INTO sales.orders(order_id, customer_id, order_status, order_date, required_date, shipped_date, store_id,staff_id) VALUES(5,1324,4,'20160103','20160106','20160106',2,6);
INSERT INTO sales.orders(order_id, customer_id, order_status, order_date, required_date, shipped_date, store_id,staff_id) VALUES(6,94,4,'20160104','20160107','20160105',2,6);
INSERT INTO sales.orders(order_id, customer_id, order_status, order_date, required_date, shipped_date, store_id,staff_id) VALUES(7,324,4,'20160104','20160107','20160105',2,6);
INSERT INTO sales.orders(order_id, customer_id, order_status, order_date, required_date, shipped_date, store_id,staff_id) VALUES(8,1204,4,'20160104','20160105','20160105',2,7);
INSERT INTO sales.orders(order_id, customer_id, order_status, order_date, required_date, shipped_date, store_id,staff_id) VALUES(9,60,4,'20160105','20160108','20160108',1,2);
INSERT INTO sales.orders(order_id, customer_id, order_status, order_date, required_date, shipped_date, store_id,staff_id) VALUES(10,442,4,'20160105','20160106','20160106',2,6);
INSERT INTO sales.orders(order_id, customer_id, order_status, order_date, required_date, shipped_date, store_id,staff_id) VALUES(11,1326,4,'20160105','20160108','20160107',2,7);
INSERT INTO sales.orders(order_id, customer_id, order_status, order_date, required_date, shipped_date, store_id,staff_id) VALUES(12,91,4,'20160106','20160108','20160109',1,2);
INSERT INTO sales.orders(order_id, customer_id, order_status, order_date, required_date, shipped_date, store_id,staff_id) VALUES(13,873,4,'20160108','20160111','20160111',2,6);
INSERT INTO sales.orders(order_id, customer_id, order_status, order_date, required_date, shipped_date, store_id,staff_id) VALUES(14,258,4,'20160109','20160111','20160112',1,3);
INSERT INTO sales.orders(order_id, customer_id, order_status, order_date, required_date, shipped_date, store_id,staff_id) VALUES(15,450,4,'20160109','20160110','20160112',2,7);
INSERT INTO sales.orders(order_id, customer_id, order_status, order_date, required_date, shipped_date, store_id,staff_id) VALUES(16,552,4,'20160112','20160115','20160115',1,3);
INSERT INTO sales.orders(order_id, customer_id, order_status, order_date, required_date, shipped_date, store_id,staff_id) VALUES(17,1175,4,'20160112','20160114','20160114',1,3);
INSERT INTO sales.orders(order_id, customer_id, order_status, order_date, required_date, shipped_date, store_id,staff_id) VALUES(18,541,4,'20160114','20160117','20160115',1,3);
INSERT INTO sales.orders(order_id, customer_id, order_status, order_date, required_date, shipped_date, store_id,staff_id) VALUES(19,696,4,'20160114','20160117','20160116',1,2);
INSERT INTO sales.orders(order_id, customer_id, order_status, order_date, required_date, shipped_date, store_id,staff_id) VALUES(20,923,4,'20160114','20160116','20160117',1,2);
INSERT INTO sales.orders(order_id, customer_id, order_status, order_date, required_date, shipped_date, store_id,staff_id) VALUES(21,1250,4,'20160115','20160116','20160118',2,6);
INSERT INTO sales.orders(order_id, customer_id, order_status, order_date, required_date, shipped_date, store_id,staff_id) VALUES(22,1035,4,'20160116','20160118','20160117',1,2);
INSERT INTO sales.orders(order_id, customer_id, order_status, order_date, required_date, shipped_date, store_id,staff_id) VALUES(23,1149,4,'20160116','20160119','20160119',1,2);
INSERT INTO sales.orders(order_id, customer_id, order_status, order_date, required_date, shipped_date, store_id,staff_id) VALUES(24,636,4,'20160118','20160120','20160119',2,7);
INSERT INTO sales.orders(order_id, customer_id, order_status, order_date, required_date, shipped_date, store_id,staff_id) VALUES(25,657,4,'20160118','20160121','20160121',2,6);
INSERT INTO sales.orders(order_id, customer_id, order_status, order_date, required_date, shipped_date, store_id,staff_id) VALUES(26,1280,4,'20160118','20160121','20160119',2,7);
INSERT INTO sales.orders(order_id, customer_id, order_status, order_date, required_date, shipped_date, store_id,staff_id) VALUES(27,57,4,'20160119','20160121','20160120',2,7);
INSERT INTO sales.orders(order_id, customer_id, order_status, order_date, required_date, shipped_date, store_id,staff_id) VALUES(28,252,4,'20160119','20160120','20160121',2,6);
INSERT INTO sales.orders(order_id, customer_id, order_status, order_date, required_date, shipped_date, store_id,staff_id) VALUES(29,437,4,'20160120','20160122','20160121',2,6);
INSERT INTO sales.orders(order_id, customer_id, order_status, order_date, required_date, shipped_date, store_id,staff_id) VALUES(30,1348,4,'20160120','20160121','20160121',2,6);
INSERT INTO sales.orders(order_id, customer_id, order_status, order_date, required_date, shipped_date, store_id,staff_id) VALUES(31,1238,4,'20160120','20160122','20160122',3,8);
INSERT INTO sales.orders(order_id, customer_id, order_status, order_date, required_date, shipped_date, store_id,staff_id) VALUES(32,1259,4,'20160121','20160124','20160122',1,3);
INSERT INTO sales.orders(order_id, customer_id, order_status, order_date, required_date, shipped_date, store_id,staff_id) VALUES(33,236,4,'20160121','20160122','20160122',2,6);
INSERT INTO sales.orders(order_id, customer_id, order_status, order_date, required_date, shipped_date, store_id,staff_id) VALUES(34,80,4,'20160122','20160125','20160123',2,6);
INSERT INTO sales.orders(order_id, customer_id, order_status, order_date, required_date, shipped_date, store_id,staff_id) VALUES(35,813,4,'20160122','20160125','20160124',2,7);
INSERT INTO sales.orders(order_id, customer_id, order_status, order_date, required_date, shipped_date, store_id,staff_id) VALUES(36,1321,4,'20160123','20160124','20160124',2,6);
INSERT INTO sales.orders(order_id, customer_id, order_status, order_date, required_date, shipped_date, store_id,staff_id) VALUES(37,164,4,'20160125','20160128','20160126',2,6);
INSERT INTO sales.orders(order_id, customer_id, order_status, order_date, required_date, shipped_date, store_id,staff_id) VALUES(38,583,4,'20160125','20160127','20160126',2,7);
INSERT INTO sales.orders(order_id, customer_id, order_status, order_date, required_date, shipped_date, store_id,staff_id) VALUES(39,1296,4,'20160125','20160126','20160126',2,7);
INSERT INTO sales.orders(order_id, customer_id, order_status, order_date, required_date, shipped_date, store_id,staff_id) VALUES(40,348,4,'20160127','20160128','20160129',1,3);
INSERT INTO sales.orders(order_id, customer_id, order_status, order_date, required_date, shipped_date, store_id,staff_id) VALUES(41,979,4,'20160127','20160130','20160129',2,6);
INSERT INTO sales.orders(order_id, customer_id, order_status, order_date, required_date, shipped_date, store_id,staff_id) VALUES(42,1095,4,'20160127','20160128','20160130',2,7);
INSERT INTO sales.orders(order_id, customer_id, order_status, order_date, required_date, shipped_date, store_id,staff_id) VALUES(43,1434,4,'20160127','20160128','20160130',2,7);
INSERT INTO sales.orders(order_id, customer_id, order_status, order_date, required_date, shipped_date, store_id,staff_id) VALUES(44,861,4,'20160128','20160131','20160130',2,7);
INSERT INTO sales.orders(order_id, customer_id, order_status, order_date, required_date, shipped_date, store_id,staff_id) VALUES(45,1220,4,'20160128','20160131','20160131',2,7);
INSERT INTO sales.orders(order_id, customer_id, order_status, order_date, required_date, shipped_date, store_id,staff_id) VALUES(46,746,4,'20160129','20160131','20160131',2,7);
INSERT INTO sales.orders(order_id, customer_id, order_status, order_date, required_date, shipped_date, store_id,staff_id) VALUES(47,1234,4,'20160129','20160130','20160131',2,7);
INSERT INTO sales.orders(order_id, customer_id, order_status, order_date, required_date, shipped_date, store_id,staff_id) VALUES(48,1012,4,'20160130','20160201','20160202',2,7);
INSERT INTO sales.orders(order_id, customer_id, order_status, order_date, required_date, shipped_date, store_id,staff_id) VALUES(49,608,4,'20160131','20160201','20160202',2,6);
INSERT INTO sales.orders(order_id, customer_id, order_status, order_date, required_date, shipped_date, store_id,staff_id) VALUES(50,872,4,'20160131','20160203','20160202',3,8);
INSERT INTO sales.orders(order_id, customer_id, order_status, order_date, required_date, shipped_date, store_id,staff_id) VALUES(51,1047,4,'20160201','20160202','20160203',2,7);
INSERT INTO sales.orders(order_id, customer_id, order_status, order_date, required_date, shipped_date, store_id,staff_id) VALUES(52,767,4,'20160203','20160204','20160205',1,2);
INSERT INTO sales.orders(order_id, customer_id, order_status, order_date, required_date, shipped_date, store_id,staff_id) VALUES(53,965,4,'20160203','20160204','20160205',2,6);
INSERT INTO sales.orders(order_id, customer_id, order_status, order_date, required_date, shipped_date, store_id,staff_id) VALUES(54,535,4,'20160204','20160207','20160207',2,7);
INSERT INTO sales.orders(order_id, customer_id, order_status, order_date, required_date, shipped_date, store_id,staff_id) VALUES(55,1173,4,'20160204','20160207','20160206',2,6);
INSERT INTO sales.orders(order_id, customer_id, order_status, order_date, required_date, shipped_date, store_id,staff_id) VALUES(56,1241,4,'20160204','20160206','20160207',2,6);
INSERT INTO sales.orders(order_id, customer_id, order_status, order_date, required_date, shipped_date, store_id,staff_id) VALUES(57,1305,4,'20160204','20160206','20160206',2,7);
INSERT INTO sales.orders(order_id, customer_id, order_status, order_date, required_date, shipped_date, store_id,staff_id) VALUES(58,504,4,'20160205','20160207','20160207',2,6);
INSERT INTO sales.orders(order_id, customer_id, order_status, order_date, required_date, shipped_date, store_id,staff_id) VALUES(59,563,4,'20160205','20160207','20160206',2,7);
INSERT INTO sales.orders(order_id, customer_id, order_status, order_date, required_date, shipped_date, store_id,staff_id) VALUES(60,151,4,'20160206','20160208','20160207',1,3);
INSERT INTO sales.orders(order_id, customer_id, order_status, order_date, required_date, shipped_date, store_id,staff_id) VALUES(61,277,4,'20160206','20160209','20160209',2,7);
INSERT INTO sales.orders(order_id, customer_id, order_status, order_date, required_date, shipped_date, store_id,staff_id) VALUES(62,208,4,'20160207','20160210','20160210',1,2);
INSERT INTO sales.orders(order_id, customer_id, order_status, order_date, required_date, shipped_date, store_id,staff_id) VALUES(63,1075,4,'20160207','20160209','20160209',2,7);
INSERT INTO sales.orders(order_id, customer_id, order_status, order_date, required_date, shipped_date, store_id,staff_id) VALUES(64,1185,4,'20160207','20160208','20160209',2,6);
INSERT INTO sales.orders(order_id, customer_id, order_status, order_date, required_date, shipped_date, store_id,staff_id) VALUES(65,996,4,'20160208','20160209','20160211',2,6);
INSERT INTO sales.orders(order_id, customer_id, order_status, order_date, required_date, shipped_date, store_id,staff_id) VALUES(66,1253,4,'20160209','20160212','20160212',2,7);
INSERT INTO sales.orders(order_id, customer_id, order_status, order_date, required_date, shipped_date, store_id,staff_id) VALUES(67,526,4,'20160209','20160211','20160210',3,8);
INSERT INTO sales.orders(order_id, customer_id, order_status, order_date, required_date, shipped_date, store_id,staff_id) VALUES(68,381,4,'20160210','20160211','20160213',2,6);
INSERT INTO sales.orders(order_id, customer_id, order_status, order_date, required_date, shipped_date, store_id,staff_id) VALUES(69,1413,4,'20160210','20160212','20160211',2,7);
INSERT INTO sales.orders(order_id, customer_id, order_status, order_date, required_date, shipped_date, store_id,staff_id) VALUES(70,50,3,'20160211','20160211',NULL,3,9);
INSERT INTO sales.orders(order_id, customer_id, order_status, order_date, required_date, shipped_date, store_id,staff_id) VALUES(71,797,4,'20160211','20160214','20160212',2,7);
INSERT INTO sales.orders(order_id, customer_id, order_status, order_date, required_date, shipped_date, store_id,staff_id) VALUES(72,1386,4,'20160212','20160215','20160213',1,2);
INSERT INTO sales.orders(order_id, customer_id, order_status, order_date, required_date, shipped_date, store_id,staff_id) VALUES(73,612,4,'20160212','20160215','20160214',2,7);
INSERT INTO sales.orders(order_id, customer_id, order_status, order_date, required_date, shipped_date, store_id,staff_id) VALUES(74,264,4,'20160213','20160215','20160215',2,7);
INSERT INTO sales.orders(order_id, customer_id, order_status, order_date, required_date, shipped_date, store_id,staff_id) VALUES(75,587,4,'20160214','20160215','20160217',2,6);
INSERT INTO sales.orders(order_id, customer_id, order_status, order_date, required_date, shipped_date, store_id,staff_id) VALUES(76,9,3,'20160216','20160216',NULL,2,6);
INSERT INTO sales.orders(order_id, customer_id, order_status, order_date, required_date, shipped_date, store_id,staff_id) VALUES(77,385,4,'20160216','20160219','20160219',1,2);
INSERT INTO sales.orders(order_id, customer_id, order_status, order_date, required_date, shipped_date, store_id,staff_id) VALUES(78,1182,4,'20160216','20160218','20160219',2,7);
INSERT INTO sales.orders(order_id, customer_id, order_status, order_date, required_date, shipped_date, store_id,staff_id) VALUES(79,529,4,'20160217','20160220','20160220',1,3);
INSERT INTO sales.orders(order_id, customer_id, order_status, order_date, required_date, shipped_date, store_id,staff_id) VALUES(80,397,4,'20160217','20160220','20160219',2,6);
INSERT INTO sales.orders(order_id, customer_id, order_status, order_date, required_date, shipped_date, store_id,staff_id) VALUES(81,521,4,'20160217','20160219','20160218',2,6);
INSERT INTO sales.orders(order_id, customer_id, order_status, order_date, required_date, shipped_date, store_id,staff_id) VALUES(82,1223,4,'20160218','20160221','20160220',2,6);
INSERT INTO sales.orders(order_id, customer_id, order_status, order_date, required_date, shipped_date, store_id,staff_id) VALUES(83,393,4,'20160219','20160220','20160220',1,3);
INSERT INTO sales.orders(order_id, customer_id, order_status, order_date, required_date, shipped_date, store_id,staff_id) VALUES(84,317,4,'20160220','20160222','20160221',2,7);
INSERT INTO sales.orders(order_id, customer_id, order_status, order_date, required_date, shipped_date, store_id,staff_id) VALUES(85,1174,4,'20160220','20160223','20160221',2,7);
INSERT INTO sales.orders(order_id, customer_id, order_status, order_date, required_date, shipped_date, store_id,staff_id) VALUES(86,276,4,'20160221','20160222','20160223',2,7);
INSERT INTO sales.orders(order_id, customer_id, order_status, order_date, required_date, shipped_date, store_id,staff_id) VALUES(87,516,4,'20160221','20160222','20160223',2,6);
INSERT INTO sales.orders(order_id, customer_id, order_status, order_date, required_date, shipped_date, store_id,staff_id) VALUES(88,1069,4,'20160221','20160222','20160223',2,6);
INSERT INTO sales.orders(order_id, customer_id, order_status, order_date, required_date, shipped_date, store_id,staff_id) VALUES(89,668,4,'20160221','20160224','20160224',3,8);
INSERT INTO sales.orders(order_id, customer_id, order_status, order_date, required_date, shipped_date, store_id,staff_id) VALUES(90,414,4,'20160223','20160225','20160224',2,7);
INSERT INTO sales.orders(order_id, customer_id, order_status, order_date, required_date, shipped_date, store_id,staff_id) VALUES(91,648,4,'20160225','20160227','20160228',1,2);
INSERT INTO sales.orders(order_id, customer_id, order_status, order_date, required_date, shipped_date, store_id,staff_id) VALUES(92,1309,4,'20160225','20160228','20160228',2,7);
INSERT INTO sales.orders(order_id, customer_id, order_status, order_date, required_date, shipped_date, store_id,staff_id) VALUES(93,1328,4,'20160226','20160228','20160227',1,3);
INSERT INTO sales.orders(order_id, customer_id, order_status, order_date, required_date, shipped_date, store_id,staff_id) VALUES(94,929,4,'20160227','20160228','20160229',1,2);
INSERT INTO sales.orders(order_id, customer_id, order_status, order_date, required_date, shipped_date, store_id,staff_id) VALUES(95,218,4,'20160227','20160229','20160228',2,7);
INSERT INTO sales.orders(order_id, customer_id, order_status, order_date, required_date, shipped_date, store_id,staff_id) VALUES(96,1094,4,'20160227','20160229','20160228',2,7);
INSERT INTO sales.orders(order_id, customer_id, order_status, order_date, required_date, shipped_date, store_id,staff_id) VALUES(97,204,4,'20160228','20160229','20160301',2,7);
INSERT INTO sales.orders(order_id, customer_id, order_status, order_date, required_date, shipped_date, store_id,staff_id) VALUES(98,1194,4,'20160228','20160229','20160229',2,6);
INSERT INTO sales.orders(order_id, customer_id, order_status, order_date, required_date, shipped_date, store_id,staff_id) VALUES(99,1165,4,'20160229','20160301','20160303',3,9);
INSERT INTO sales.orders(order_id, customer_id, order_status, order_date, required_date, shipped_date, store_id,staff_id) VALUES(100,1237,4,'20160301','20160304','20160303',2,7);
INSERT INTO sales.orders(order_id, customer_id, order_status, order_date, required_date, shipped_date, store_id,staff_id) VALUES(101,271,4,'20160301','20160304','20160304',3,8);
INSERT INTO sales.orders(order_id, customer_id, order_status, order_date, required_date, shipped_date, store_id,staff_id) VALUES(102,336,4,'20160302','20160305','20160303',2,7);
INSERT INTO sales.orders(order_id, customer_id, order_status, order_date, required_date, shipped_date, store_id,staff_id) VALUES(103,991,4,'20160303','20160306','20160305',1,2);
INSERT INTO sales.orders(order_id, customer_id, order_status, order_date, required_date, shipped_date, store_id,staff_id) VALUES(104,7,4,'20160303','20160305','20160305',2,7);
INSERT INTO sales.orders(order_id, customer_id, order_status, order_date, required_date, shipped_date, store_id,staff_id) VALUES(105,306,4,'20160303','20160305','20160304',2,7);
INSERT INTO sales.orders(order_id, customer_id, order_status, order_date, required_date, shipped_date, store_id,staff_id) VALUES(106,422,4,'20160304','20160305','20160305',3,9);
INSERT INTO sales.orders(order_id, customer_id, order_status, order_date, required_date, shipped_date, store_id,staff_id) VALUES(107,633,4,'20160306','20160309','20160309',1,2);
INSERT INTO sales.orders(order_id, customer_id, order_status, order_date, required_date, shipped_date, store_id,staff_id) VALUES(108,12,4,'20160306','20160309','20160307',2,6);
INSERT INTO sales.orders(order_id, customer_id, order_status, order_date, required_date, shipped_date, store_id,staff_id) VALUES(109,1255,4,'20160306','20160309','20160309',2,6);
INSERT INTO sales.orders(order_id, customer_id, order_status, order_date, required_date, shipped_date, store_id,staff_id) VALUES(110,677,4,'20160306','20160308','20160309',3,9);
INSERT INTO sales.orders(order_id, customer_id, order_status, order_date, required_date, shipped_date, store_id,staff_id) VALUES(111,630,4,'20160307','20160310','20160310',2,6);
INSERT INTO sales.orders(order_id, customer_id, order_status, order_date, required_date, shipped_date, store_id,staff_id) VALUES(112,469,4,'20160308','20160311','20160310',2,6);
INSERT INTO sales.orders(order_id, customer_id, order_status, order_date, required_date, shipped_date, store_id,staff_id) VALUES(113,1078,4,'20160308','20160311','20160311',2,6);
INSERT INTO sales.orders(order_id, customer_id, order_status, order_date, required_date, shipped_date, store_id,staff_id) VALUES(114,1431,4,'20160308','20160310','20160311',2,7);
INSERT INTO sales.orders(order_id, customer_id, order_status, order_date, required_date, shipped_date, store_id,staff_id) VALUES(115,1369,4,'20160309','20160311','20160311',2,7);
INSERT INTO sales.orders(order_id, customer_id, order_status, order_date, required_date, shipped_date, store_id,staff_id) VALUES(116,471,4,'20160310','20160311','20160311',2,7);
INSERT INTO sales.orders(order_id, customer_id, order_status, order_date, required_date, shipped_date, store_id,staff_id) VALUES(117,740,4,'20160310','20160313','20160311',2,6);
INSERT INTO sales.orders(order_id, customer_id, order_status, order_date, required_date, shipped_date, store_id,staff_id) VALUES(118,577,4,'20160312','20160314','20160313',1,2);
INSERT INTO sales.orders(order_id, customer_id, order_status, order_date, required_date, shipped_date, store_id,staff_id) VALUES(119,925,4,'20160312','20160314','20160314',2,7);
INSERT INTO sales.orders(order_id, customer_id, order_status, order_date, required_date, shipped_date, store_id,staff_id) VALUES(120,327,4,'20160314','20160315','20160317',2,7);
INSERT INTO sales.orders(order_id, customer_id, order_status, order_date, required_date, shipped_date, store_id,staff_id) VALUES(121,755,4,'20160314','20160315','20160316',2,6);
INSERT INTO sales.orders(order_id, customer_id, order_status, order_date, required_date, shipped_date, store_id,staff_id) VALUES(122,786,4,'20160314','20160316','20160315',2,6);
INSERT INTO sales.orders(order_id, customer_id, order_status, order_date, required_date, shipped_date, store_id,staff_id) VALUES(123,766,4,'20160315','20160318','20160317',2,6);
INSERT INTO sales.orders(order_id, customer_id, order_status, order_date, required_date, shipped_date, store_id,staff_id) VALUES(124,403,4,'20160316','20160318','20160317',1,3);
INSERT INTO sales.orders(order_id, customer_id, order_status, order_date, required_date, shipped_date, store_id,staff_id) VALUES(125,685,4,'20160316','20160319','20160317',2,6);
INSERT INTO sales.orders(order_id, customer_id, order_status, order_date, required_date, shipped_date, store_id,staff_id) VALUES(126,1365,4,'20160316','20160318','20160318',2,7);
INSERT INTO sales.orders(order_id, customer_id, order_status, order_date, required_date, shipped_date, store_id,staff_id) VALUES(127,484,4,'20160317','20160318','20160319',3,8);
INSERT INTO sales.orders(order_id, customer_id, order_status, order_date, required_date, shipped_date, store_id,staff_id) VALUES(128,86,4,'20160318','20160320','20160321',2,6);
INSERT INTO sales.orders(order_id, customer_id, order_status, order_date, required_date, shipped_date, store_id,staff_id) VALUES(129,84,4,'20160319','20160321','20160321',2,7);
INSERT INTO sales.orders(order_id, customer_id, order_status, order_date, required_date, shipped_date, store_id,staff_id) VALUES(130,1049,4,'20160319','20160322','20160320',2,6);
INSERT INTO sales.orders(order_id, customer_id, order_status, order_date, required_date, shipped_date, store_id,staff_id) VALUES(131,316,4,'20160319','20160322','20160320',3,8);
INSERT INTO sales.orders(order_id, customer_id, order_status, order_date, required_date, shipped_date, store_id,staff_id) VALUES(132,46,4,'20160320','20160322','20160323',1,3);
INSERT INTO sales.orders(order_id, customer_id, order_status, order_date, required_date, shipped_date, store_id,staff_id) VALUES(133,409,4,'20160320','20160322','20160321',2,7);
INSERT INTO sales.orders(order_id, customer_id, order_status, order_date, required_date, shipped_date, store_id,staff_id) VALUES(134,679,4,'20160320','20160321','20160321',2,7);
INSERT INTO sales.orders(order_id, customer_id, order_status, order_date, required_date, shipped_date, store_id,staff_id) VALUES(135,1354,4,'20160321','20160323','20160323',2,7);
INSERT INTO sales.orders(order_id, customer_id, order_status, order_date, required_date, shipped_date, store_id,staff_id) VALUES(136,1192,4,'20160321','20160324','20160323',3,8);

CREATE TABLE staffs
(
staff_id INT PRIMARY KEY, 
first_name VARCHAR(25), 
last_name VARCHAR(25), 
email VARCHAR(50), 
phone VARCHAR(25), 
active int, 
store_id int, 
manager_id int
);


INSERT INTO sales.staffs(staff_id, first_name, last_name, email, phone, active, store_id, manager_id) VALUES(1,'Fabiola','Jackson','fabiola.jackson@bikes.shop','(831) 555-5554',1,1,NULL);
INSERT INTO sales.staffs(staff_id, first_name, last_name, email, phone, active, store_id, manager_id) VALUES(2,'Mireya','Copeland','mireya.copeland@bikes.shop','(831) 555-5555',1,1,8);
INSERT INTO sales.staffs(staff_id, first_name, last_name, email, phone, active, store_id, manager_id) VALUES(3,'Genna','Serrano','genna.serrano@bikes.shop','(831) 555-5556',1,1,2);
INSERT INTO sales.staffs(staff_id, first_name, last_name, email, phone, active, store_id, manager_id) VALUES(4,'Virgie','Wiggins','virgie.wiggins@bikes.shop','(831) 555-5557',1,1,2);
INSERT INTO sales.staffs(staff_id, first_name, last_name, email, phone, active, store_id, manager_id) VALUES(5,'Jannette','David','jannette.david@bikes.shop','(516) 379-4444',1,2,8);
INSERT INTO sales.staffs(staff_id, first_name, last_name, email, phone, active, store_id, manager_id) VALUES(6,'Marcelene','Boyer','marcelene.boyer@bikes.shop','(516) 379-4445',1,2,5);
INSERT INTO sales.staffs(staff_id, first_name, last_name, email, phone, active, store_id, manager_id) VALUES(7,'Venita','Daniel','venita.daniel@bikes.shop','(516) 379-4446',1,2,5);
INSERT INTO sales.staffs(staff_id, first_name, last_name, email, phone, active, store_id, manager_id) VALUES(8,'Kali','Vargas','kali.vargas@bikes.shop','(972) 530-5555',1,3,1);
INSERT INTO sales.staffs(staff_id, first_name, last_name, email, phone, active, store_id, manager_id) VALUES(9,'Layla','Terrell','layla.terrell@bikes.shop','(972) 530-5556',1,3,7);
INSERT INTO sales.staffs(staff_id, first_name, last_name, email, phone, active, store_id, manager_id) VALUES(10,'Bernardine','Houston','bernardine.houston@bikes.shop','(972) 530-5557',1,3,7);


CREATE TABLE STOCKS
(store_id int, 
Product_id int, 
Quantity int
)
;

INSERT INTO stocks(store_id, product_id, quantity) VALUES(1,1,27);
INSERT INTO stocks(store_id, product_id, quantity) VALUES(1,2,5);
INSERT INTO stocks(store_id, product_id, quantity) VALUES(1,3,6);
INSERT INTO stocks(store_id, product_id, quantity) VALUES(1,4,23);
INSERT INTO stocks(store_id, product_id, quantity) VALUES(1,5,22);
INSERT INTO stocks(store_id, product_id, quantity) VALUES(1,6,0);
INSERT INTO stocks(store_id, product_id, quantity) VALUES(1,7,8);
INSERT INTO stocks(store_id, product_id, quantity) VALUES(1,8,0);
INSERT INTO stocks(store_id, product_id, quantity) VALUES(1,9,11);
INSERT INTO stocks(store_id, product_id, quantity) VALUES(1,10,15);
INSERT INTO stocks(store_id, product_id, quantity) VALUES(1,11,8);
INSERT INTO stocks(store_id, product_id, quantity) VALUES(1,12,16);
INSERT INTO stocks(store_id, product_id, quantity) VALUES(1,13,13);
INSERT INTO stocks(store_id, product_id, quantity) VALUES(1,14,8);
INSERT INTO stocks(store_id, product_id, quantity) VALUES(1,15,3);
INSERT INTO stocks(store_id, product_id, quantity) VALUES(1,16,4);
INSERT INTO stocks(store_id, product_id, quantity) VALUES(1,17,2);
INSERT INTO stocks(store_id, product_id, quantity) VALUES(1,18,16);
INSERT INTO stocks(store_id, product_id, quantity) VALUES(1,19,4);
INSERT INTO stocks(store_id, product_id, quantity) VALUES(1,20,26);
INSERT INTO stocks(store_id, product_id, quantity) VALUES(1,21,24);
INSERT INTO stocks(store_id, product_id, quantity) VALUES(1,22,29);
INSERT INTO stocks(store_id, product_id, quantity) VALUES(1,23,9);
INSERT INTO stocks(store_id, product_id, quantity) VALUES(1,24,10);
INSERT INTO stocks(store_id, product_id, quantity) VALUES(1,25,10);
INSERT INTO stocks(store_id, product_id, quantity) VALUES(1,26,16);
INSERT INTO stocks(store_id, product_id, quantity) VALUES(1,27,21);
INSERT INTO stocks(store_id, product_id, quantity) VALUES(1,28,20);
INSERT INTO stocks(store_id, product_id, quantity) VALUES(1,29,13);
INSERT INTO stocks(store_id, product_id, quantity) VALUES(1,30,30);
INSERT INTO stocks(store_id, product_id, quantity) VALUES(1,31,2);
INSERT INTO stocks(store_id, product_id, quantity) VALUES(1,32,0);
INSERT INTO stocks(store_id, product_id, quantity) VALUES(1,33,10);
INSERT INTO stocks(store_id, product_id, quantity) VALUES(1,34,2);
INSERT INTO stocks(store_id, product_id, quantity) VALUES(1,35,18);
INSERT INTO stocks(store_id, product_id, quantity) VALUES(1,36,26);
INSERT INTO stocks(store_id, product_id, quantity) VALUES(1,37,12);
INSERT INTO stocks(store_id, product_id, quantity) VALUES(1,38,13);
INSERT INTO stocks(store_id, product_id, quantity) VALUES(1,39,2);
INSERT INTO stocks(store_id, product_id, quantity) VALUES(1,40,24);
INSERT INTO stocks(store_id, product_id, quantity) VALUES(1,41,10);
INSERT INTO stocks(store_id, product_id, quantity) VALUES(1,42,0);
INSERT INTO stocks(store_id, product_id, quantity) VALUES(1,43,2);
INSERT INTO stocks(store_id, product_id, quantity) VALUES(1,44,1);
INSERT INTO stocks(store_id, product_id, quantity) VALUES(1,45,15);
INSERT INTO stocks(store_id, product_id, quantity) VALUES(1,46,19);
INSERT INTO stocks(store_id, product_id, quantity) VALUES(1,47,21);
INSERT INTO stocks(store_id, product_id, quantity) VALUES(1,48,5);
INSERT INTO stocks(store_id, product_id, quantity) VALUES(1,49,8);
INSERT INTO stocks(store_id, product_id, quantity) VALUES(1,50,29);
INSERT INTO stocks(store_id, product_id, quantity) VALUES(1,51,2);
INSERT INTO stocks(store_id, product_id, quantity) VALUES(1,52,18);
INSERT INTO stocks(store_id, product_id, quantity) VALUES(1,53,17);
INSERT INTO stocks(store_id, product_id, quantity) VALUES(1,54,11);
INSERT INTO stocks(store_id, product_id, quantity) VALUES(1,55,11);
INSERT INTO stocks(store_id, product_id, quantity) VALUES(1,56,15);
INSERT INTO stocks(store_id, product_id, quantity) VALUES(1,57,1);
INSERT INTO stocks(store_id, product_id, quantity) VALUES(1,58,1);
INSERT INTO stocks(store_id, product_id, quantity) VALUES(1,59,22);
INSERT INTO stocks(store_id, product_id, quantity) VALUES(1,60,19);
INSERT INTO stocks(store_id, product_id, quantity) VALUES(1,61,30);
INSERT INTO stocks(store_id, product_id, quantity) VALUES(1,62,21);
INSERT INTO stocks(store_id, product_id, quantity) VALUES(1,63,4);
INSERT INTO stocks(store_id, product_id, quantity) VALUES(1,64,30);
INSERT INTO stocks(store_id, product_id, quantity) VALUES(1,65,10);
INSERT INTO stocks(store_id, product_id, quantity) VALUES(1,66,12);
INSERT INTO stocks(store_id, product_id, quantity) VALUES(1,67,19);
INSERT INTO stocks(store_id, product_id, quantity) VALUES(1,68,30);
INSERT INTO stocks(store_id, product_id, quantity) VALUES(1,69,4);
INSERT INTO stocks(store_id, product_id, quantity) VALUES(1,70,3);
INSERT INTO stocks(store_id, product_id, quantity) VALUES(1,71,25);
INSERT INTO stocks(store_id, product_id, quantity) VALUES(1,72,9);
INSERT INTO stocks(store_id, product_id, quantity) VALUES(1,73,7);
INSERT INTO stocks(store_id, product_id, quantity) VALUES(1,74,9);
INSERT INTO stocks(store_id, product_id, quantity) VALUES(1,75,23);
INSERT INTO stocks(store_id, product_id, quantity) VALUES(1,76,15);
INSERT INTO stocks(store_id, product_id, quantity) VALUES(1,77,16);
INSERT INTO stocks(store_id, product_id, quantity) VALUES(1,78,13);
INSERT INTO stocks(store_id, product_id, quantity) VALUES(1,79,13);
INSERT INTO stocks(store_id, product_id, quantity) VALUES(1,80,11);
INSERT INTO stocks(store_id, product_id, quantity) VALUES(1,81,25);
INSERT INTO stocks(store_id, product_id, quantity) VALUES(1,82,1);
INSERT INTO stocks(store_id, product_id, quantity) VALUES(1,83,13);
INSERT INTO stocks(store_id, product_id, quantity) VALUES(1,84,11);
INSERT INTO stocks(store_id, product_id, quantity) VALUES(1,85,23);
INSERT INTO stocks(store_id, product_id, quantity) VALUES(1,86,19);
INSERT INTO stocks(store_id, product_id, quantity) VALUES(1,87,27);
INSERT INTO stocks(store_id, product_id, quantity) VALUES(1,88,7);
INSERT INTO stocks(store_id, product_id, quantity) VALUES(1,89,9);
INSERT INTO stocks(store_id, product_id, quantity) VALUES(1,90,4);
INSERT INTO stocks(store_id, product_id, quantity) VALUES(1,91,8);
INSERT INTO stocks(store_id, product_id, quantity) VALUES(1,92,0);
INSERT INTO stocks(store_id, product_id, quantity) VALUES(1,93,22);
INSERT INTO stocks(store_id, product_id, quantity) VALUES(1,94,6);
INSERT INTO stocks(store_id, product_id, quantity) VALUES(1,95,25);
INSERT INTO stocks(store_id, product_id, quantity) VALUES(1,96,20);
INSERT INTO stocks(store_id, product_id, quantity) VALUES(1,97,20);
INSERT INTO stocks(store_id, product_id, quantity) VALUES(1,98,28);
INSERT INTO stocks(store_id, product_id, quantity) VALUES(1,99,28);
INSERT INTO stocks(store_id, product_id, quantity) VALUES(1,100,15);
INSERT INTO stocks(store_id, product_id, quantity) VALUES(1,101,17);
INSERT INTO stocks(store_id, product_id, quantity) VALUES(1,102,9);
INSERT INTO stocks(store_id, product_id, quantity) VALUES(1,103,13);
INSERT INTO stocks(store_id, product_id, quantity) VALUES(1,104,25);
INSERT INTO stocks(store_id, product_id, quantity) VALUES(1,105,7);
INSERT INTO stocks(store_id, product_id, quantity) VALUES(1,106,30);
INSERT INTO stocks(store_id, product_id, quantity) VALUES(1,107,20);
INSERT INTO stocks(store_id, product_id, quantity) VALUES(1,108,15);
INSERT INTO stocks(store_id, product_id, quantity) VALUES(1,109,30);
INSERT INTO stocks(store_id, product_id, quantity) VALUES(1,110,1);
INSERT INTO stocks(store_id, product_id, quantity) VALUES(1,111,11);
INSERT INTO stocks(store_id, product_id, quantity) VALUES(1,112,17);
INSERT INTO stocks(store_id, product_id, quantity) VALUES(1,113,24);
INSERT INTO stocks(store_id, product_id, quantity) VALUES(1,114,3);
INSERT INTO stocks(store_id, product_id, quantity) VALUES(1,115,10);
INSERT INTO stocks(store_id, product_id, quantity) VALUES(1,116,24);
INSERT INTO stocks(store_id, product_id, quantity) VALUES(1,117,15);
INSERT INTO stocks(store_id, product_id, quantity) VALUES(1,118,12);
INSERT INTO stocks(store_id, product_id, quantity) VALUES(1,119,17);
INSERT INTO stocks(store_id, product_id, quantity) VALUES(1,120,23);
INSERT INTO stocks(store_id, product_id, quantity) VALUES(1,121,19);
INSERT INTO stocks(store_id, product_id, quantity) VALUES(1,122,22);
INSERT INTO stocks(store_id, product_id, quantity) VALUES(1,123,8);
INSERT INTO stocks(store_id, product_id, quantity) VALUES(1,124,23);
INSERT INTO stocks(store_id, product_id, quantity) VALUES(1,125,22);
INSERT INTO stocks(store_id, product_id, quantity) VALUES(1,126,28);
INSERT INTO stocks(store_id, product_id, quantity) VALUES(1,127,12);
INSERT INTO stocks(store_id, product_id, quantity) VALUES(1,128,11);
INSERT INTO stocks(store_id, product_id, quantity) VALUES(1,129,21);
INSERT INTO stocks(store_id, product_id, quantity) VALUES(1,130,22);
INSERT INTO stocks(store_id, product_id, quantity) VALUES(1,131,20);
INSERT INTO stocks(store_id, product_id, quantity) VALUES(1,132,1);
INSERT INTO stocks(store_id, product_id, quantity) VALUES(1,133,9);
INSERT INTO stocks(store_id, product_id, quantity) VALUES(1,134,26);
INSERT INTO stocks(store_id, product_id, quantity) VALUES(1,135,15);
INSERT INTO stocks(store_id, product_id, quantity) VALUES(1,136,12);
INSERT INTO stocks(store_id, product_id, quantity) VALUES(1,137,12);
INSERT INTO stocks(store_id, product_id, quantity) VALUES(1,138,6);
INSERT INTO stocks(store_id, product_id, quantity) VALUES(1,139,17);
INSERT INTO stocks(store_id, product_id, quantity) VALUES(1,140,3);
INSERT INTO stocks(store_id, product_id, quantity) VALUES(1,141,21);
INSERT INTO stocks(store_id, product_id, quantity) VALUES(1,142,22);
INSERT INTO stocks(store_id, product_id, quantity) VALUES(1,143,19);
INSERT INTO stocks(store_id, product_id, quantity) VALUES(1,144,7);
INSERT INTO stocks(store_id, product_id, quantity) VALUES(1,145,5);
INSERT INTO stocks(store_id, product_id, quantity) VALUES(1,146,6);
INSERT INTO stocks(store_id, product_id, quantity) VALUES(1,147,8);
INSERT INTO stocks(store_id, product_id, quantity) VALUES(1,148,6);
INSERT INTO stocks(store_id, product_id, quantity) VALUES(1,149,1);
INSERT INTO stocks(store_id, product_id, quantity) VALUES(1,150,22);
INSERT INTO stocks(store_id, product_id, quantity) VALUES(1,151,24);
INSERT INTO stocks(store_id, product_id, quantity) VALUES(1,152,12);
INSERT INTO stocks(store_id, product_id, quantity) VALUES(1,153,25);
INSERT INTO stocks(store_id, product_id, quantity) VALUES(1,154,13);
INSERT INTO stocks(store_id, product_id, quantity) VALUES(1,155,8);
INSERT INTO stocks(store_id, product_id, quantity) VALUES(1,156,13);
INSERT INTO stocks(store_id, product_id, quantity) VALUES(1,157,25);
INSERT INTO stocks(store_id, product_id, quantity) VALUES(1,158,11);
INSERT INTO stocks(store_id, product_id, quantity) VALUES(1,159,18);
INSERT INTO stocks(store_id, product_id, quantity) VALUES(1,160,0);
INSERT INTO stocks(store_id, product_id, quantity) VALUES(1,161,17);
INSERT INTO stocks(store_id, product_id, quantity) VALUES(1,162,14);
INSERT INTO stocks(store_id, product_id, quantity) VALUES(1,163,0);
INSERT INTO stocks(store_id, product_id, quantity) VALUES(1,164,15);
INSERT INTO stocks(store_id, product_id, quantity) VALUES(1,165,16);
INSERT INTO stocks(store_id, product_id, quantity) VALUES(1,166,23);
INSERT INTO stocks(store_id, product_id, quantity) VALUES(1,167,28);
INSERT INTO stocks(store_id, product_id, quantity) VALUES(1,168,0);
INSERT INTO stocks(store_id, product_id, quantity) VALUES(1,169,25);
INSERT INTO stocks(store_id, product_id, quantity) VALUES(1,170,14);
INSERT INTO stocks(store_id, product_id, quantity) VALUES(1,171,3);
INSERT INTO stocks(store_id, product_id, quantity) VALUES(1,172,3);
INSERT INTO stocks(store_id, product_id, quantity) VALUES(1,173,2);
INSERT INTO stocks(store_id, product_id, quantity) VALUES(1,174,26);
INSERT INTO stocks(store_id, product_id, quantity) VALUES(1,175,2);
INSERT INTO stocks(store_id, product_id, quantity) VALUES(1,176,11);
INSERT INTO stocks(store_id, product_id, quantity) VALUES(1,177,19);
INSERT INTO stocks(store_id, product_id, quantity) VALUES(1,178,23);
INSERT INTO stocks(store_id, product_id, quantity) VALUES(1,179,16);
INSERT INTO stocks(store_id, product_id, quantity) VALUES(1,180,5);
INSERT INTO stocks(store_id, product_id, quantity) VALUES(1,181,19);
INSERT INTO stocks(store_id, product_id, quantity) VALUES(1,182,28);
INSERT INTO stocks(store_id, product_id, quantity) VALUES(1,183,11);
INSERT INTO stocks(store_id, product_id, quantity) VALUES(1,184,4);
INSERT INTO stocks(store_id, product_id, quantity) VALUES(1,185,3);
INSERT INTO stocks(store_id, product_id, quantity) VALUES(1,186,1);
INSERT INTO stocks(store_id, product_id, quantity) VALUES(1,187,16);
INSERT INTO stocks(store_id, product_id, quantity) VALUES(1,188,30);
INSERT INTO stocks(store_id, product_id, quantity) VALUES(1,189,6);
INSERT INTO stocks(store_id, product_id, quantity) VALUES(1,190,21);
INSERT INTO stocks(store_id, product_id, quantity) VALUES(1,191,21);
INSERT INTO stocks(store_id, product_id, quantity) VALUES(1,192,-20);
INSERT INTO stocks(store_id, product_id, quantity) VALUES(1,193,30);
INSERT INTO stocks(store_id, product_id, quantity) VALUES(1,194,-24);
INSERT INTO stocks(store_id, product_id, quantity) VALUES(1,195,1);
INSERT INTO stocks(store_id, product_id, quantity) VALUES(1,196,26);
INSERT INTO stocks(store_id, product_id, quantity) VALUES(1,197,-22);
INSERT INTO stocks(store_id, product_id, quantity) VALUES(1,198,1);
INSERT INTO stocks(store_id, product_id, quantity) VALUES(1,199,2);
INSERT INTO stocks(store_id, product_id, quantity) VALUES(1,200,27);
INSERT INTO stocks(store_id, product_id, quantity) VALUES(1,201,16);
INSERT INTO stocks(store_id, product_id, quantity) VALUES(1,202,5);
INSERT INTO stocks(store_id, product_id, quantity) VALUES(1,203,4);
INSERT INTO stocks(store_id, product_id, quantity) VALUES(1,204,23);
INSERT INTO stocks(store_id, product_id, quantity) VALUES(1,205,9);
INSERT INTO stocks(store_id, product_id, quantity) VALUES(1,206,10);
INSERT INTO stocks(store_id, product_id, quantity) VALUES(1,207,27);
INSERT INTO stocks(store_id, product_id, quantity) VALUES(1,208,13);
INSERT INTO stocks(store_id, product_id, quantity) VALUES(1,209,22);
INSERT INTO stocks(store_id, product_id, quantity) VALUES(1,210,25);
INSERT INTO stocks(store_id, product_id, quantity) VALUES(1,211,13);
INSERT INTO stocks(store_id, product_id, quantity) VALUES(1,212,17);
INSERT INTO stocks(store_id, product_id, quantity) VALUES(1,213,14);
INSERT INTO stocks(store_id, product_id, quantity) VALUES(1,214,4);
INSERT INTO stocks(store_id, product_id, quantity) VALUES(1,215,1);
INSERT INTO stocks(store_id, product_id, quantity) VALUES(1,216,11);
INSERT INTO stocks(store_id, product_id, quantity) VALUES(1,217,11);
INSERT INTO stocks(store_id, product_id, quantity) VALUES(1,218,27);
INSERT INTO stocks(store_id, product_id, quantity) VALUES(1,219,30);
INSERT INTO stocks(store_id, product_id, quantity) VALUES(1,220,4);
INSERT INTO stocks(store_id, product_id, quantity) VALUES(1,221,7);
INSERT INTO stocks(store_id, product_id, quantity) VALUES(1,222,12);
INSERT INTO stocks(store_id, product_id, quantity) VALUES(1,223,3);
INSERT INTO stocks(store_id, product_id, quantity) VALUES(1,224,16);
INSERT INTO stocks(store_id, product_id, quantity) VALUES(1,225,24);
INSERT INTO stocks(store_id, product_id, quantity) VALUES(1,226,18);
INSERT INTO stocks(store_id, product_id, quantity) VALUES(1,227,19);
INSERT INTO stocks(store_id, product_id, quantity) VALUES(1,228,-22);
INSERT INTO stocks(store_id, product_id, quantity) VALUES(1,229,27);
INSERT INTO stocks(store_id, product_id, quantity) VALUES(1,230,7);
INSERT INTO stocks(store_id, product_id, quantity) VALUES(1,231,25);
INSERT INTO stocks(store_id, product_id, quantity) VALUES(1,232,5);
INSERT INTO stocks(store_id, product_id, quantity) VALUES(1,233,5);
INSERT INTO stocks(store_id, product_id, quantity) VALUES(1,234,13);
INSERT INTO stocks(store_id, product_id, quantity) VALUES(1,235,7);
INSERT INTO stocks(store_id, product_id, quantity) VALUES(1,236,18);
INSERT INTO stocks(store_id, product_id, quantity) VALUES(1,237,26);
INSERT INTO stocks(store_id, product_id, quantity) VALUES(1,238,20);
INSERT INTO stocks(store_id, product_id, quantity) VALUES(1,239,28);
INSERT INTO stocks(store_id, product_id, quantity) VALUES(1,240,-17);
INSERT INTO stocks(store_id, product_id, quantity) VALUES(1,241,17);
INSERT INTO stocks(store_id, product_id, quantity) VALUES(1,242,10);
INSERT INTO stocks(store_id, product_id, quantity) VALUES(1,243,11);
INSERT INTO stocks(store_id, product_id, quantity) VALUES(1,244,10);
INSERT INTO stocks(store_id, product_id, quantity) VALUES(1,245,3);
INSERT INTO stocks(store_id, product_id, quantity) VALUES(1,246,0);
INSERT INTO stocks(store_id, product_id, quantity) VALUES(1,247,15);
INSERT INTO stocks(store_id, product_id, quantity) VALUES(1,248,14);
INSERT INTO stocks(store_id, product_id, quantity) VALUES(1,249,27);
INSERT INTO stocks(store_id, product_id, quantity) VALUES(1,250,3);
INSERT INTO stocks(store_id, product_id, quantity) VALUES(1,251,2);
INSERT INTO stocks(store_id, product_id, quantity) VALUES(1,252,28);
INSERT INTO stocks(store_id, product_id, quantity) VALUES(1,253,16);
INSERT INTO stocks(store_id, product_id, quantity) VALUES(1,254,24);
INSERT INTO stocks(store_id, product_id, quantity) VALUES(1,255,13);
INSERT INTO stocks(store_id, product_id, quantity) VALUES(1,256,20);
INSERT INTO stocks(store_id, product_id, quantity) VALUES(1,257,17);
INSERT INTO stocks(store_id, product_id, quantity) VALUES(1,258,25);
INSERT INTO stocks(store_id, product_id, quantity) VALUES(1,259,10);
INSERT INTO stocks(store_id, product_id, quantity) VALUES(1,260,20);
INSERT INTO stocks(store_id, product_id, quantity) VALUES(1,261,3);
INSERT INTO stocks(store_id, product_id, quantity) VALUES(1,262,6);
INSERT INTO stocks(store_id, product_id, quantity) VALUES(1,263,21);
INSERT INTO stocks(store_id, product_id, quantity) VALUES(1,264,16);
INSERT INTO stocks(store_id, product_id, quantity) VALUES(1,265,28);
INSERT INTO stocks(store_id, product_id, quantity) VALUES(1,266,1);
INSERT INTO stocks(store_id, product_id, quantity) VALUES(1,267,27);
INSERT INTO stocks(store_id, product_id, quantity) VALUES(1,268,23);
INSERT INTO stocks(store_id, product_id, quantity) VALUES(1,269,22);
INSERT INTO stocks(store_id, product_id, quantity) VALUES(1,270,-16);
INSERT INTO stocks(store_id, product_id, quantity) VALUES(1,271,6);
INSERT INTO stocks(store_id, product_id, quantity) VALUES(1,272,14);
INSERT INTO stocks(store_id, product_id, quantity) VALUES(1,273,20);
INSERT INTO stocks(store_id, product_id, quantity) VALUES(1,274,19);
INSERT INTO stocks(store_id, product_id, quantity) VALUES(1,275,28);
INSERT INTO stocks(store_id, product_id, quantity) VALUES(1,276,7);
INSERT INTO stocks(store_id, product_id, quantity) VALUES(1,277,13);
INSERT INTO stocks(store_id, product_id, quantity) VALUES(1,278,17);
INSERT INTO stocks(store_id, product_id, quantity) VALUES(1,279,17);
INSERT INTO stocks(store_id, product_id, quantity) VALUES(1,280,23);
INSERT INTO stocks(store_id, product_id, quantity) VALUES(1,281,11);
INSERT INTO stocks(store_id, product_id, quantity) VALUES(1,282,6);
INSERT INTO stocks(store_id, product_id, quantity) VALUES(1,283,10);
INSERT INTO stocks(store_id, product_id, quantity) VALUES(1,284,27);
INSERT INTO stocks(store_id, product_id, quantity) VALUES(1,285,20);
INSERT INTO stocks(store_id, product_id, quantity) VALUES(1,286,28);
INSERT INTO stocks(store_id, product_id, quantity) VALUES(1,287,2);
INSERT INTO stocks(store_id, product_id, quantity) VALUES(1,288,9);
INSERT INTO stocks(store_id, product_id, quantity) VALUES(1,289,2);
INSERT INTO stocks(store_id, product_id, quantity) VALUES(1,290,8);
INSERT INTO stocks(store_id, product_id, quantity) VALUES(1,291,9);
INSERT INTO stocks(store_id, product_id, quantity) VALUES(1,292,30);
INSERT INTO stocks(store_id, product_id, quantity) VALUES(1,293,18);
INSERT INTO stocks(store_id, product_id, quantity) VALUES(1,294,3);
INSERT INTO stocks(store_id, product_id, quantity) VALUES(1,295,24);
INSERT INTO stocks(store_id, product_id, quantity) VALUES(1,296,9);
INSERT INTO stocks(store_id, product_id, quantity) VALUES(1,297,22);
INSERT INTO stocks(store_id, product_id, quantity) VALUES(1,298,26);
INSERT INTO stocks(store_id, product_id, quantity) VALUES(1,299,18);
INSERT INTO stocks(store_id, product_id, quantity) VALUES(1,300,7);
INSERT INTO stocks(store_id, product_id, quantity) VALUES(1,301,10);
INSERT INTO stocks(store_id, product_id, quantity) VALUES(1,302,0);
INSERT INTO stocks(store_id, product_id, quantity) VALUES(1,303,12);
INSERT INTO stocks(store_id, product_id, quantity) VALUES(1,304,15);
INSERT INTO stocks(store_id, product_id, quantity) VALUES(1,305,23);
INSERT INTO stocks(store_id, product_id, quantity) VALUES(1,306,21);
INSERT INTO stocks(store_id, product_id, quantity) VALUES(1,307,17);
INSERT INTO stocks(store_id, product_id, quantity) VALUES(1,308,23);
INSERT INTO stocks(store_id, product_id, quantity) VALUES(1,309,7);
INSERT INTO stocks(store_id, product_id, quantity) VALUES(1,310,18);
INSERT INTO stocks(store_id, product_id, quantity) VALUES(1,311,20);
INSERT INTO stocks(store_id, product_id, quantity) VALUES(1,312,23);
INSERT INTO stocks(store_id, product_id, quantity) VALUES(1,313,14);
INSERT INTO stocks(store_id, product_id, quantity) VALUES(2,1,14);
INSERT INTO stocks(store_id, product_id, quantity) VALUES(2,2,16);
INSERT INTO stocks(store_id, product_id, quantity) VALUES(2,3,28);
INSERT INTO stocks(store_id, product_id, quantity) VALUES(2,4,2);
INSERT INTO stocks(store_id, product_id, quantity) VALUES(2,5,1);
INSERT INTO stocks(store_id, product_id, quantity) VALUES(2,6,11);
INSERT INTO stocks(store_id, product_id, quantity) VALUES(2,7,8);
INSERT INTO stocks(store_id, product_id, quantity) VALUES(2,8,1);
INSERT INTO stocks(store_id, product_id, quantity) VALUES(2,9,17);
INSERT INTO stocks(store_id, product_id, quantity) VALUES(2,10,13);
INSERT INTO stocks(store_id, product_id, quantity) VALUES(2,11,21);
INSERT INTO stocks(store_id, product_id, quantity) VALUES(2,12,2);
INSERT INTO stocks(store_id, product_id, quantity) VALUES(2,13,1);
INSERT INTO stocks(store_id, product_id, quantity) VALUES(2,14,18);
INSERT INTO stocks(store_id, product_id, quantity) VALUES(2,15,6);
INSERT INTO stocks(store_id, product_id, quantity) VALUES(2,16,20);
INSERT INTO stocks(store_id, product_id, quantity) VALUES(2,17,3);
INSERT INTO stocks(store_id, product_id, quantity) VALUES(2,18,13);
INSERT INTO stocks(store_id, product_id, quantity) VALUES(2,19,15);
INSERT INTO stocks(store_id, product_id, quantity) VALUES(2,20,20);
INSERT INTO stocks(store_id, product_id, quantity) VALUES(2,21,16);
INSERT INTO stocks(store_id, product_id, quantity) VALUES(2,22,0);
INSERT INTO stocks(store_id, product_id, quantity) VALUES(2,23,12);
INSERT INTO stocks(store_id, product_id, quantity) VALUES(2,24,16);
INSERT INTO stocks(store_id, product_id, quantity) VALUES(2,25,18);
INSERT INTO stocks(store_id, product_id, quantity) VALUES(2,26,2);
INSERT INTO stocks(store_id, product_id, quantity) VALUES(2,27,10);
INSERT INTO stocks(store_id, product_id, quantity) VALUES(2,28,25);
INSERT INTO stocks(store_id, product_id, quantity) VALUES(2,29,29);
INSERT INTO stocks(store_id, product_id, quantity) VALUES(2,30,17);
INSERT INTO stocks(store_id, product_id, quantity) VALUES(2,31,10);
INSERT INTO stocks(store_id, product_id, quantity) VALUES(2,32,13);
INSERT INTO stocks(store_id, product_id, quantity) VALUES(2,33,8);
INSERT INTO stocks(store_id, product_id, quantity) VALUES(2,34,24);
INSERT INTO stocks(store_id, product_id, quantity) VALUES(2,35,25);
INSERT INTO stocks(store_id, product_id, quantity) VALUES(2,36,15);
INSERT INTO stocks(store_id, product_id, quantity) VALUES(2,37,5);
INSERT INTO stocks(store_id, product_id, quantity) VALUES(2,38,18);
INSERT INTO stocks(store_id, product_id, quantity) VALUES(2,39,28);
INSERT INTO stocks(store_id, product_id, quantity) VALUES(2,40,15);
INSERT INTO stocks(store_id, product_id, quantity) VALUES(2,41,6);
INSERT INTO stocks(store_id, product_id, quantity) VALUES(2,42,16);
INSERT INTO stocks(store_id, product_id, quantity) VALUES(2,43,2);
INSERT INTO stocks(store_id, product_id, quantity) VALUES(2,44,24);
INSERT INTO stocks(store_id, product_id, quantity) VALUES(2,45,13);
INSERT INTO stocks(store_id, product_id, quantity) VALUES(2,46,18);
INSERT INTO stocks(store_id, product_id, quantity) VALUES(2,47,0);
INSERT INTO stocks(store_id, product_id, quantity) VALUES(2,48,20);
INSERT INTO stocks(store_id, product_id, quantity) VALUES(2,49,4);
INSERT INTO stocks(store_id, product_id, quantity) VALUES(2,50,7);
INSERT INTO stocks(store_id, product_id, quantity) VALUES(2,51,8);
INSERT INTO stocks(store_id, product_id, quantity) VALUES(2,52,23);
INSERT INTO stocks(store_id, product_id, quantity) VALUES(2,53,19);
INSERT INTO stocks(store_id, product_id, quantity) VALUES(2,54,6);
INSERT INTO stocks(store_id, product_id, quantity) VALUES(2,55,5);
INSERT INTO stocks(store_id, product_id, quantity) VALUES(2,56,20);
INSERT INTO stocks(store_id, product_id, quantity) VALUES(2,57,27);
INSERT INTO stocks(store_id, product_id, quantity) VALUES(2,58,15);
INSERT INTO stocks(store_id, product_id, quantity) VALUES(2,59,17);
INSERT INTO stocks(store_id, product_id, quantity) VALUES(2,60,1);
INSERT INTO stocks(store_id, product_id, quantity) VALUES(2,61,20);
INSERT INTO stocks(store_id, product_id, quantity) VALUES(2,62,4);
INSERT INTO stocks(store_id, product_id, quantity) VALUES(2,63,5);
INSERT INTO stocks(store_id, product_id, quantity) VALUES(2,64,30);
INSERT INTO stocks(store_id, product_id, quantity) VALUES(2,65,16);
INSERT INTO stocks(store_id, product_id, quantity) VALUES(2,66,22);
INSERT INTO stocks(store_id, product_id, quantity) VALUES(2,67,8);
INSERT INTO stocks(store_id, product_id, quantity) VALUES(2,68,23);
INSERT INTO stocks(store_id, product_id, quantity) VALUES(2,69,22);
INSERT INTO stocks(store_id, product_id, quantity) VALUES(2,70,6);
INSERT INTO stocks(store_id, product_id, quantity) VALUES(2,71,30);
INSERT INTO stocks(store_id, product_id, quantity) VALUES(2,72,1);
INSERT INTO stocks(store_id, product_id, quantity) VALUES(2,73,20);
INSERT INTO stocks(store_id, product_id, quantity) VALUES(2,74,23);
INSERT INTO stocks(store_id, product_id, quantity) VALUES(2,75,11);
INSERT INTO stocks(store_id, product_id, quantity) VALUES(2,76,20);
INSERT INTO stocks(store_id, product_id, quantity) VALUES(2,77,25);
INSERT INTO stocks(store_id, product_id, quantity) VALUES(2,78,4);
INSERT INTO stocks(store_id, product_id, quantity) VALUES(2,79,29);
INSERT INTO stocks(store_id, product_id, quantity) VALUES(2,80,27);
INSERT INTO stocks(store_id, product_id, quantity) VALUES(2,81,19);
INSERT INTO stocks(store_id, product_id, quantity) VALUES(2,82,4);
INSERT INTO stocks(store_id, product_id, quantity) VALUES(2,83,21);
INSERT INTO stocks(store_id, product_id, quantity) VALUES(2,84,22);
INSERT INTO stocks(store_id, product_id, quantity) VALUES(2,85,6);
INSERT INTO stocks(store_id, product_id, quantity) VALUES(2,86,24);
INSERT INTO stocks(store_id, product_id, quantity) VALUES(2,87,14);
INSERT INTO stocks(store_id, product_id, quantity) VALUES(2,88,8);
INSERT INTO stocks(store_id, product_id, quantity) VALUES(2,89,8);
INSERT INTO stocks(store_id, product_id, quantity) VALUES(2,90,26);
INSERT INTO stocks(store_id, product_id, quantity) VALUES(2,91,0);
INSERT INTO stocks(store_id, product_id, quantity) VALUES(2,92,22);
INSERT INTO stocks(store_id, product_id, quantity) VALUES(2,93,22);
INSERT INTO stocks(store_id, product_id, quantity) VALUES(2,94,2);
INSERT INTO stocks(store_id, product_id, quantity) VALUES(2,95,10);
INSERT INTO stocks(store_id, product_id, quantity) VALUES(2,96,22);
INSERT INTO stocks(store_id, product_id, quantity) VALUES(2,97,15);
INSERT INTO stocks(store_id, product_id, quantity) VALUES(2,98,14);
INSERT INTO stocks(store_id, product_id, quantity) VALUES(2,99,24);
INSERT INTO stocks(store_id, product_id, quantity) VALUES(2,100,12);
INSERT INTO stocks(store_id, product_id, quantity) VALUES(2,101,4);
INSERT INTO stocks(store_id, product_id, quantity) VALUES(2,102,12);
INSERT INTO stocks(store_id, product_id, quantity) VALUES(2,103,1);
INSERT INTO stocks(store_id, product_id, quantity) VALUES(2,104,26);
INSERT INTO stocks(store_id, product_id, quantity) VALUES(2,105,3);
INSERT INTO stocks(store_id, product_id, quantity) VALUES(2,106,7);
INSERT INTO stocks(store_id, product_id, quantity) VALUES(2,107,29);
INSERT INTO stocks(store_id, product_id, quantity) VALUES(2,108,29);
INSERT INTO stocks(store_id, product_id, quantity) VALUES(2,109,25);
INSERT INTO stocks(store_id, product_id, quantity) VALUES(2,110,7);
INSERT INTO stocks(store_id, product_id, quantity) VALUES(2,111,6);
INSERT INTO stocks(store_id, product_id, quantity) VALUES(2,112,1);
INSERT INTO stocks(store_id, product_id, quantity) VALUES(2,113,7);
INSERT INTO stocks(store_id, product_id, quantity) VALUES(2,114,12);
INSERT INTO stocks(store_id, product_id, quantity) VALUES(2,115,19);
INSERT INTO stocks(store_id, product_id, quantity) VALUES(2,116,17);
INSERT INTO stocks(store_id, product_id, quantity) VALUES(2,117,18);
INSERT INTO stocks(store_id, product_id, quantity) VALUES(2,118,25);
INSERT INTO stocks(store_id, product_id, quantity) VALUES(2,119,23);
INSERT INTO stocks(store_id, product_id, quantity) VALUES(2,120,16);
INSERT INTO stocks(store_id, product_id, quantity) VALUES(2,121,3);
INSERT INTO stocks(store_id, product_id, quantity) VALUES(2,122,11);
INSERT INTO stocks(store_id, product_id, quantity) VALUES(2,123,18);
INSERT INTO stocks(store_id, product_id, quantity) VALUES(2,124,4);
INSERT INTO stocks(store_id, product_id, quantity) VALUES(2,125,10);
INSERT INTO stocks(store_id, product_id, quantity) VALUES(2,126,13);
INSERT INTO stocks(store_id, product_id, quantity) VALUES(2,127,12);
INSERT INTO stocks(store_id, product_id, quantity) VALUES(2,128,28);
INSERT INTO stocks(store_id, product_id, quantity) VALUES(2,129,21);
INSERT INTO stocks(store_id, product_id, quantity) VALUES(2,130,17);
INSERT INTO stocks(store_id, product_id, quantity) VALUES(2,131,9);
INSERT INTO stocks(store_id, product_id, quantity) VALUES(2,132,6);
INSERT INTO stocks(store_id, product_id, quantity) VALUES(2,133,28);
INSERT INTO stocks(store_id, product_id, quantity) VALUES(2,134,13);
INSERT INTO stocks(store_id, product_id, quantity) VALUES(2,135,30);
INSERT INTO stocks(store_id, product_id, quantity) VALUES(2,136,8);
INSERT INTO stocks(store_id, product_id, quantity) VALUES(2,137,1);
INSERT INTO stocks(store_id, product_id, quantity) VALUES(2,138,16);
INSERT INTO stocks(store_id, product_id, quantity) VALUES(2,139,24);
INSERT INTO stocks(store_id, product_id, quantity) VALUES(2,140,13);
INSERT INTO stocks(store_id, product_id, quantity) VALUES(2,141,28);
INSERT INTO stocks(store_id, product_id, quantity) VALUES(2,142,24);
INSERT INTO stocks(store_id, product_id, quantity) VALUES(2,143,12);
INSERT INTO stocks(store_id, product_id, quantity) VALUES(2,144,4);
INSERT INTO stocks(store_id, product_id, quantity) VALUES(2,145,23);
INSERT INTO stocks(store_id, product_id, quantity) VALUES(2,146,3);
INSERT INTO stocks(store_id, product_id, quantity) VALUES(2,147,13);
INSERT INTO stocks(store_id, product_id, quantity) VALUES(2,148,27);
INSERT INTO stocks(store_id, product_id, quantity) VALUES(2,149,22);
INSERT INTO stocks(store_id, product_id, quantity) VALUES(2,150,7);
INSERT INTO stocks(store_id, product_id, quantity) VALUES(2,151,2);
INSERT INTO stocks(store_id, product_id, quantity) VALUES(2,152,21);
INSERT INTO stocks(store_id, product_id, quantity) VALUES(2,153,21);
INSERT INTO stocks(store_id, product_id, quantity) VALUES(2,154,9);
INSERT INTO stocks(store_id, product_id, quantity) VALUES(2,155,21);
INSERT INTO stocks(store_id, product_id, quantity) VALUES(2,156,8);
INSERT INTO stocks(store_id, product_id, quantity) VALUES(2,157,28);
INSERT INTO stocks(store_id, product_id, quantity) VALUES(2,158,0);
INSERT INTO stocks(store_id, product_id, quantity) VALUES(2,159,30);
INSERT INTO stocks(store_id, product_id, quantity) VALUES(2,160,4);
INSERT INTO stocks(store_id, product_id, quantity) VALUES(2,161,9);
INSERT INTO stocks(store_id, product_id, quantity) VALUES(2,162,18);
INSERT INTO stocks(store_id, product_id, quantity) VALUES(2,163,30);
INSERT INTO stocks(store_id, product_id, quantity) VALUES(2,164,9);
INSERT INTO stocks(store_id, product_id, quantity) VALUES(2,165,6);
INSERT INTO stocks(store_id, product_id, quantity) VALUES(2,166,27);
INSERT INTO stocks(store_id, product_id, quantity) VALUES(2,167,1);
INSERT INTO stocks(store_id, product_id, quantity) VALUES(2,168,29);
INSERT INTO stocks(store_id, product_id, quantity) VALUES(2,169,1);
INSERT INTO stocks(store_id, product_id, quantity) VALUES(2,170,2);
INSERT INTO stocks(store_id, product_id, quantity) VALUES(2,171,28);
INSERT INTO stocks(store_id, product_id, quantity) VALUES(2,172,16);
INSERT INTO stocks(store_id, product_id, quantity) VALUES(2,173,17);
INSERT INTO stocks(store_id, product_id, quantity) VALUES(2,174,8);
INSERT INTO stocks(store_id, product_id, quantity) VALUES(2,175,0);
INSERT INTO stocks(store_id, product_id, quantity) VALUES(2,176,26);
INSERT INTO stocks(store_id, product_id, quantity) VALUES(2,177,9);
INSERT INTO stocks(store_id, product_id, quantity) VALUES(2,178,1);
INSERT INTO stocks(store_id, product_id, quantity) VALUES(2,179,16);
INSERT INTO stocks(store_id, product_id, quantity) VALUES(2,180,3);
INSERT INTO stocks(store_id, product_id, quantity) VALUES(2,181,29);
INSERT INTO stocks(store_id, product_id, quantity) VALUES(2,182,21);
INSERT INTO stocks(store_id, product_id, quantity) VALUES(2,183,26);
INSERT INTO stocks(store_id, product_id, quantity) VALUES(2,184,0);
INSERT INTO stocks(store_id, product_id, quantity) VALUES(2,185,4);
INSERT INTO stocks(store_id, product_id, quantity) VALUES(2,186,16);
INSERT INTO stocks(store_id, product_id, quantity) VALUES(2,187,10);
INSERT INTO stocks(store_id, product_id, quantity) VALUES(2,188,27);
INSERT INTO stocks(store_id, product_id, quantity) VALUES(2,189,13);
INSERT INTO stocks(store_id, product_id, quantity) VALUES(2,190,18);
INSERT INTO stocks(store_id, product_id, quantity) VALUES(2,191,15);
INSERT INTO stocks(store_id, product_id, quantity) VALUES(2,192,0);
INSERT INTO stocks(store_id, product_id, quantity) VALUES(2,193,21);
INSERT INTO stocks(store_id, product_id, quantity) VALUES(2,194,15);
INSERT INTO stocks(store_id, product_id, quantity) VALUES(2,195,19);
INSERT INTO stocks(store_id, product_id, quantity) VALUES(2,196,28);
INSERT INTO stocks(store_id, product_id, quantity) VALUES(2,197,10);
INSERT INTO stocks(store_id, product_id, quantity) VALUES(2,198,0);
INSERT INTO stocks(store_id, product_id, quantity) VALUES(2,199,13);
INSERT INTO stocks(store_id, product_id, quantity) VALUES(2,200,11);
INSERT INTO stocks(store_id, product_id, quantity) VALUES(2,201,24);
INSERT INTO stocks(store_id, product_id, quantity) VALUES(2,202,1);
INSERT INTO stocks(store_id, product_id, quantity) VALUES(2,203,7);
INSERT INTO stocks(store_id, product_id, quantity) VALUES(2,204,25);
INSERT INTO stocks(store_id, product_id, quantity) VALUES(2,205,13);
INSERT INTO stocks(store_id, product_id, quantity) VALUES(2,206,9);
INSERT INTO stocks(store_id, product_id, quantity) VALUES(2,207,8);
INSERT INTO stocks(store_id, product_id, quantity) VALUES(2,208,12);
INSERT INTO stocks(store_id, product_id, quantity) VALUES(2,209,11);
INSERT INTO stocks(store_id, product_id, quantity) VALUES(2,210,10);
INSERT INTO stocks(store_id, product_id, quantity) VALUES(2,211,4);
INSERT INTO stocks(store_id, product_id, quantity) VALUES(2,212,22);
INSERT INTO stocks(store_id, product_id, quantity) VALUES(2,213,10);
INSERT INTO stocks(store_id, product_id, quantity) VALUES(2,214,7);
INSERT INTO stocks(store_id, product_id, quantity) VALUES(2,215,11);
INSERT INTO stocks(store_id, product_id, quantity) VALUES(2,216,19);
INSERT INTO stocks(store_id, product_id, quantity) VALUES(2,217,22);
INSERT INTO stocks(store_id, product_id, quantity) VALUES(2,218,26);
INSERT INTO stocks(store_id, product_id, quantity) VALUES(2,219,16);
INSERT INTO stocks(store_id, product_id, quantity) VALUES(2,220,6);
INSERT INTO stocks(store_id, product_id, quantity) VALUES(2,221,12);
INSERT INTO stocks(store_id, product_id, quantity) VALUES(2,222,30);
INSERT INTO stocks(store_id, product_id, quantity) VALUES(2,223,7);
INSERT INTO stocks(store_id, product_id, quantity) VALUES(2,224,4);
INSERT INTO stocks(store_id, product_id, quantity) VALUES(2,225,11);
INSERT INTO stocks(store_id, product_id, quantity) VALUES(2,226,5);
INSERT INTO stocks(store_id, product_id, quantity) VALUES(2,227,12);
INSERT INTO stocks(store_id, product_id, quantity) VALUES(2,228,7);
INSERT INTO stocks(store_id, product_id, quantity) VALUES(2,229,29);
INSERT INTO stocks(store_id, product_id, quantity) VALUES(2,230,25);
INSERT INTO stocks(store_id, product_id, quantity) VALUES(2,231,8);
INSERT INTO stocks(store_id, product_id, quantity) VALUES(2,232,11);
INSERT INTO stocks(store_id, product_id, quantity) VALUES(2,233,25);
INSERT INTO stocks(store_id, product_id, quantity) VALUES(2,234,12);
INSERT INTO stocks(store_id, product_id, quantity) VALUES(2,235,4);
INSERT INTO stocks(store_id, product_id, quantity) VALUES(2,236,7);
INSERT INTO stocks(store_id, product_id, quantity) VALUES(2,237,30);
INSERT INTO stocks(store_id, product_id, quantity) VALUES(2,238,6);
INSERT INTO stocks(store_id, product_id, quantity) VALUES(2,239,17);
INSERT INTO stocks(store_id, product_id, quantity) VALUES(2,240,19);
INSERT INTO stocks(store_id, product_id, quantity) VALUES(2,241,24);
INSERT INTO stocks(store_id, product_id, quantity) VALUES(2,242,2);
INSERT INTO stocks(store_id, product_id, quantity) VALUES(2,243,18);
INSERT INTO stocks(store_id, product_id, quantity) VALUES(2,244,1);
INSERT INTO stocks(store_id, product_id, quantity) VALUES(2,245,18);
INSERT INTO stocks(store_id, product_id, quantity) VALUES(2,246,10);
INSERT INTO stocks(store_id, product_id, quantity) VALUES(2,247,16);
INSERT INTO stocks(store_id, product_id, quantity) VALUES(2,248,26);
INSERT INTO stocks(store_id, product_id, quantity) VALUES(2,249,10);
INSERT INTO stocks(store_id, product_id, quantity) VALUES(2,250,23);
INSERT INTO stocks(store_id, product_id, quantity) VALUES(2,251,0);
INSERT INTO stocks(store_id, product_id, quantity) VALUES(2,252,20);
INSERT INTO stocks(store_id, product_id, quantity) VALUES(2,253,29);
INSERT INTO stocks(store_id, product_id, quantity) VALUES(2,254,7);
INSERT INTO stocks(store_id, product_id, quantity) VALUES(2,255,12);
INSERT INTO stocks(store_id, product_id, quantity) VALUES(2,256,8);
INSERT INTO stocks(store_id, product_id, quantity) VALUES(2,257,5);
INSERT INTO stocks(store_id, product_id, quantity) VALUES(2,258,10);
INSERT INTO stocks(store_id, product_id, quantity) VALUES(2,259,16);
INSERT INTO stocks(store_id, product_id, quantity) VALUES(2,260,20);
INSERT INTO stocks(store_id, product_id, quantity) VALUES(2,261,4);
INSERT INTO stocks(store_id, product_id, quantity) VALUES(2,262,8);
INSERT INTO stocks(store_id, product_id, quantity) VALUES(2,263,4);
INSERT INTO stocks(store_id, product_id, quantity) VALUES(2,264,13);
INSERT INTO stocks(store_id, product_id, quantity) VALUES(2,265,4);
INSERT INTO stocks(store_id, product_id, quantity) VALUES(2,266,18);
INSERT INTO stocks(store_id, product_id, quantity) VALUES(2,267,21);
INSERT INTO stocks(store_id, product_id, quantity) VALUES(2,268,3);
INSERT INTO stocks(store_id, product_id, quantity) VALUES(2,269,4);
INSERT INTO stocks(store_id, product_id, quantity) VALUES(2,270,15);
INSERT INTO stocks(store_id, product_id, quantity) VALUES(2,271,26);
INSERT INTO stocks(store_id, product_id, quantity) VALUES(2,272,1);
INSERT INTO stocks(store_id, product_id, quantity) VALUES(2,273,28);
INSERT INTO stocks(store_id, product_id, quantity) VALUES(2,274,15);
INSERT INTO stocks(store_id, product_id, quantity) VALUES(2,275,3);
INSERT INTO stocks(store_id, product_id, quantity) VALUES(2,276,9);
INSERT INTO stocks(store_id, product_id, quantity) VALUES(2,277,4);
INSERT INTO stocks(store_id, product_id, quantity) VALUES(2,278,8);
INSERT INTO stocks(store_id, product_id, quantity) VALUES(2,279,18);
INSERT INTO stocks(store_id, product_id, quantity) VALUES(2,280,11);
INSERT INTO stocks(store_id, product_id, quantity) VALUES(2,281,3);
INSERT INTO stocks(store_id, product_id, quantity) VALUES(2,282,8);
INSERT INTO stocks(store_id, product_id, quantity) VALUES(2,283,28);
INSERT INTO stocks(store_id, product_id, quantity) VALUES(2,284,6);
INSERT INTO stocks(store_id, product_id, quantity) VALUES(2,285,22);
INSERT INTO stocks(store_id, product_id, quantity) VALUES(2,286,3);
INSERT INTO stocks(store_id, product_id, quantity) VALUES(2,287,15);
INSERT INTO stocks(store_id, product_id, quantity) VALUES(2,288,13);
INSERT INTO stocks(store_id, product_id, quantity) VALUES(2,289,5);
INSERT INTO stocks(store_id, product_id, quantity) VALUES(2,290,29);
INSERT INTO stocks(store_id, product_id, quantity) VALUES(2,291,22);
INSERT INTO stocks(store_id, product_id, quantity) VALUES(2,292,22);
INSERT INTO stocks(store_id, product_id, quantity) VALUES(2,293,12);
INSERT INTO stocks(store_id, product_id, quantity) VALUES(2,294,7);
INSERT INTO stocks(store_id, product_id, quantity) VALUES(2,295,15);
INSERT INTO stocks(store_id, product_id, quantity) VALUES(2,296,8);
INSERT INTO stocks(store_id, product_id, quantity) VALUES(2,297,7);
INSERT INTO stocks(store_id, product_id, quantity) VALUES(2,298,27);
INSERT INTO stocks(store_id, product_id, quantity) VALUES(2,299,0);
INSERT INTO stocks(store_id, product_id, quantity) VALUES(2,300,13);
INSERT INTO stocks(store_id, product_id, quantity) VALUES(2,301,26);
INSERT INTO stocks(store_id, product_id, quantity) VALUES(2,302,6);
INSERT INTO stocks(store_id, product_id, quantity) VALUES(2,303,23);
INSERT INTO stocks(store_id, product_id, quantity) VALUES(2,304,6);
INSERT INTO stocks(store_id, product_id, quantity) VALUES(2,305,21);
INSERT INTO stocks(store_id, product_id, quantity) VALUES(2,306,17);
INSERT INTO stocks(store_id, product_id, quantity) VALUES(2,307,18);
INSERT INTO stocks(store_id, product_id, quantity) VALUES(2,308,15);
INSERT INTO stocks(store_id, product_id, quantity) VALUES(2,309,9);
INSERT INTO stocks(store_id, product_id, quantity) VALUES(2,310,5);
INSERT INTO stocks(store_id, product_id, quantity) VALUES(2,311,27);
INSERT INTO stocks(store_id, product_id, quantity) VALUES(2,312,2);
INSERT INTO stocks(store_id, product_id, quantity) VALUES(2,313,24);
INSERT INTO stocks(store_id, product_id, quantity) VALUES(3,1,14);
INSERT INTO stocks(store_id, product_id, quantity) VALUES(3,2,24);
INSERT INTO stocks(store_id, product_id, quantity) VALUES(3,3,0);
INSERT INTO stocks(store_id, product_id, quantity) VALUES(3,4,11);
INSERT INTO stocks(store_id, product_id, quantity) VALUES(3,5,3);
INSERT INTO stocks(store_id, product_id, quantity) VALUES(3,6,27);
INSERT INTO stocks(store_id, product_id, quantity) VALUES(3,7,12);
INSERT INTO stocks(store_id, product_id, quantity) VALUES(3,8,12);
INSERT INTO stocks(store_id, product_id, quantity) VALUES(3,9,23);
INSERT INTO stocks(store_id, product_id, quantity) VALUES(3,10,21);
INSERT INTO stocks(store_id, product_id, quantity) VALUES(3,11,30);
INSERT INTO stocks(store_id, product_id, quantity) VALUES(3,12,30);
INSERT INTO stocks(store_id, product_id, quantity) VALUES(3,13,19);
INSERT INTO stocks(store_id, product_id, quantity) VALUES(3,14,4);
INSERT INTO stocks(store_id, product_id, quantity) VALUES(3,15,22);
INSERT INTO stocks(store_id, product_id, quantity) VALUES(3,16,19);
INSERT INTO stocks(store_id, product_id, quantity) VALUES(3,17,22);
INSERT INTO stocks(store_id, product_id, quantity) VALUES(3,18,5);
INSERT INTO stocks(store_id, product_id, quantity) VALUES(3,19,24);
INSERT INTO stocks(store_id, product_id, quantity) VALUES(3,20,19);
INSERT INTO stocks(store_id, product_id, quantity) VALUES(3,21,8);
INSERT INTO stocks(store_id, product_id, quantity) VALUES(3,22,20);
INSERT INTO stocks(store_id, product_id, quantity) VALUES(3,23,8);
INSERT INTO stocks(store_id, product_id, quantity) VALUES(3,24,18);
INSERT INTO stocks(store_id, product_id, quantity) VALUES(3,25,15);
INSERT INTO stocks(store_id, product_id, quantity) VALUES(3,26,27);
INSERT INTO stocks(store_id, product_id, quantity) VALUES(3,27,21);
INSERT INTO stocks(store_id, product_id, quantity) VALUES(3,28,20);
INSERT INTO stocks(store_id, product_id, quantity) VALUES(3,29,11);
INSERT INTO stocks(store_id, product_id, quantity) VALUES(3,30,23);
INSERT INTO stocks(store_id, product_id, quantity) VALUES(3,31,10);
INSERT INTO stocks(store_id, product_id, quantity) VALUES(3,32,14);
INSERT INTO stocks(store_id, product_id, quantity) VALUES(3,33,14);
INSERT INTO stocks(store_id, product_id, quantity) VALUES(3,34,6);
INSERT INTO stocks(store_id, product_id, quantity) VALUES(3,35,3);
INSERT INTO stocks(store_id, product_id, quantity) VALUES(3,36,28);
INSERT INTO stocks(store_id, product_id, quantity) VALUES(3,37,30);
INSERT INTO stocks(store_id, product_id, quantity) VALUES(3,38,23);
INSERT INTO stocks(store_id, product_id, quantity) VALUES(3,39,22);
INSERT INTO stocks(store_id, product_id, quantity) VALUES(3,40,2);
INSERT INTO stocks(store_id, product_id, quantity) VALUES(3,41,25);
INSERT INTO stocks(store_id, product_id, quantity) VALUES(3,42,9);
INSERT INTO stocks(store_id, product_id, quantity) VALUES(3,43,26);
INSERT INTO stocks(store_id, product_id, quantity) VALUES(3,44,26);
INSERT INTO stocks(store_id, product_id, quantity) VALUES(3,45,1);
INSERT INTO stocks(store_id, product_id, quantity) VALUES(3,46,16);
INSERT INTO stocks(store_id, product_id, quantity) VALUES(3,47,14);
INSERT INTO stocks(store_id, product_id, quantity) VALUES(3,48,2);
INSERT INTO stocks(store_id, product_id, quantity) VALUES(3,49,4);
INSERT INTO stocks(store_id, product_id, quantity) VALUES(3,50,25);
INSERT INTO stocks(store_id, product_id, quantity) VALUES(3,51,2);
INSERT INTO stocks(store_id, product_id, quantity) VALUES(3,52,8);
INSERT INTO stocks(store_id, product_id, quantity) VALUES(3,53,6);
INSERT INTO stocks(store_id, product_id, quantity) VALUES(3,54,13);
INSERT INTO stocks(store_id, product_id, quantity) VALUES(3,55,5);
INSERT INTO stocks(store_id, product_id, quantity) VALUES(3,56,19);
INSERT INTO stocks(store_id, product_id, quantity) VALUES(3,57,9);
INSERT INTO stocks(store_id, product_id, quantity) VALUES(3,58,27);
INSERT INTO stocks(store_id, product_id, quantity) VALUES(3,59,0);
INSERT INTO stocks(store_id, product_id, quantity) VALUES(3,60,7);
INSERT INTO stocks(store_id, product_id, quantity) VALUES(3,61,28);
INSERT INTO stocks(store_id, product_id, quantity) VALUES(3,62,4);
INSERT INTO stocks(store_id, product_id, quantity) VALUES(3,63,8);
INSERT INTO stocks(store_id, product_id, quantity) VALUES(3,64,22);
INSERT INTO stocks(store_id, product_id, quantity) VALUES(3,65,1);
INSERT INTO stocks(store_id, product_id, quantity) VALUES(3,66,3);
INSERT INTO stocks(store_id, product_id, quantity) VALUES(3,67,6);
INSERT INTO stocks(store_id, product_id, quantity) VALUES(3,68,18);
INSERT INTO stocks(store_id, product_id, quantity) VALUES(3,69,29);
INSERT INTO stocks(store_id, product_id, quantity) VALUES(3,70,2);
INSERT INTO stocks(store_id, product_id, quantity) VALUES(3,71,13);
INSERT INTO stocks(store_id, product_id, quantity) VALUES(3,72,6);
INSERT INTO stocks(store_id, product_id, quantity) VALUES(3,73,3);
INSERT INTO stocks(store_id, product_id, quantity) VALUES(3,74,17);
INSERT INTO stocks(store_id, product_id, quantity) VALUES(3,75,29);
INSERT INTO stocks(store_id, product_id, quantity) VALUES(3,76,23);
INSERT INTO stocks(store_id, product_id, quantity) VALUES(3,77,23);
INSERT INTO stocks(store_id, product_id, quantity) VALUES(3,78,19);
INSERT INTO stocks(store_id, product_id, quantity) VALUES(3,79,29);
INSERT INTO stocks(store_id, product_id, quantity) VALUES(3,80,22);
INSERT INTO stocks(store_id, product_id, quantity) VALUES(3,81,18);
INSERT INTO stocks(store_id, product_id, quantity) VALUES(3,82,7);
INSERT INTO stocks(store_id, product_id, quantity) VALUES(3,83,23);
INSERT INTO stocks(store_id, product_id, quantity) VALUES(3,84,15);
INSERT INTO stocks(store_id, product_id, quantity) VALUES(3,85,15);
INSERT INTO stocks(store_id, product_id, quantity) VALUES(3,86,27);
INSERT INTO stocks(store_id, product_id, quantity) VALUES(3,87,16);
INSERT INTO stocks(store_id, product_id, quantity) VALUES(3,88,28);
INSERT INTO stocks(store_id, product_id, quantity) VALUES(3,89,22);
INSERT INTO stocks(store_id, product_id, quantity) VALUES(3,90,9);
INSERT INTO stocks(store_id, product_id, quantity) VALUES(3,91,8);
INSERT INTO stocks(store_id, product_id, quantity) VALUES(3,92,28);
INSERT INTO stocks(store_id, product_id, quantity) VALUES(3,93,18);
INSERT INTO stocks(store_id, product_id, quantity) VALUES(3,94,15);
INSERT INTO stocks(store_id, product_id, quantity) VALUES(3,95,14);
INSERT INTO stocks(store_id, product_id, quantity) VALUES(3,96,1);
INSERT INTO stocks(store_id, product_id, quantity) VALUES(3,97,28);
INSERT INTO stocks(store_id, product_id, quantity) VALUES(3,98,5);
INSERT INTO stocks(store_id, product_id, quantity) VALUES(3,99,19);
INSERT INTO stocks(store_id, product_id, quantity) VALUES(3,100,28);
INSERT INTO stocks(store_id, product_id, quantity) VALUES(3,101,17);
INSERT INTO stocks(store_id, product_id, quantity) VALUES(3,102,22);
INSERT INTO stocks(store_id, product_id, quantity) VALUES(3,103,10);
INSERT INTO stocks(store_id, product_id, quantity) VALUES(3,104,22);
INSERT INTO stocks(store_id, product_id, quantity) VALUES(3,105,1);
INSERT INTO stocks(store_id, product_id, quantity) VALUES(3,106,1);
INSERT INTO stocks(store_id, product_id, quantity) VALUES(3,107,11);
INSERT INTO stocks(store_id, product_id, quantity) VALUES(3,108,23);
INSERT INTO stocks(store_id, product_id, quantity) VALUES(3,109,24);
INSERT INTO stocks(store_id, product_id, quantity) VALUES(3,110,11);
INSERT INTO stocks(store_id, product_id, quantity) VALUES(3,111,29);
INSERT INTO stocks(store_id, product_id, quantity) VALUES(3,112,24);
INSERT INTO stocks(store_id, product_id, quantity) VALUES(3,113,23);
INSERT INTO stocks(store_id, product_id, quantity) VALUES(3,114,12);
INSERT INTO stocks(store_id, product_id, quantity) VALUES(3,115,25);
INSERT INTO stocks(store_id, product_id, quantity) VALUES(3,116,30);
INSERT INTO stocks(store_id, product_id, quantity) VALUES(3,117,23);
INSERT INTO stocks(store_id, product_id, quantity) VALUES(3,118,9);
INSERT INTO stocks(store_id, product_id, quantity) VALUES(3,119,29);
INSERT INTO stocks(store_id, product_id, quantity) VALUES(3,120,25);
INSERT INTO stocks(store_id, product_id, quantity) VALUES(3,121,4);
INSERT INTO stocks(store_id, product_id, quantity) VALUES(3,122,8);
INSERT INTO stocks(store_id, product_id, quantity) VALUES(3,123,15);
INSERT INTO stocks(store_id, product_id, quantity) VALUES(3,124,11);
INSERT INTO stocks(store_id, product_id, quantity) VALUES(3,125,2);
INSERT INTO stocks(store_id, product_id, quantity) VALUES(3,126,5);
INSERT INTO stocks(store_id, product_id, quantity) VALUES(3,127,4);
INSERT INTO stocks(store_id, product_id, quantity) VALUES(3,128,20);
INSERT INTO stocks(store_id, product_id, quantity) VALUES(3,129,10);
INSERT INTO stocks(store_id, product_id, quantity) VALUES(3,130,20);
INSERT INTO stocks(store_id, product_id, quantity) VALUES(3,131,23);
INSERT INTO stocks(store_id, product_id, quantity) VALUES(3,132,16);
INSERT INTO stocks(store_id, product_id, quantity) VALUES(3,133,16);
INSERT INTO stocks(store_id, product_id, quantity) VALUES(3,134,17);
INSERT INTO stocks(store_id, product_id, quantity) VALUES(3,135,15);
INSERT INTO stocks(store_id, product_id, quantity) VALUES(3,136,4);
INSERT INTO stocks(store_id, product_id, quantity) VALUES(3,137,17);
INSERT INTO stocks(store_id, product_id, quantity) VALUES(3,138,17);
INSERT INTO stocks(store_id, product_id, quantity) VALUES(3,139,21);
INSERT INTO stocks(store_id, product_id, quantity) VALUES(3,140,3);
INSERT INTO stocks(store_id, product_id, quantity) VALUES(3,141,4);
INSERT INTO stocks(store_id, product_id, quantity) VALUES(3,142,29);
INSERT INTO stocks(store_id, product_id, quantity) VALUES(3,143,9);
INSERT INTO stocks(store_id, product_id, quantity) VALUES(3,144,9);
INSERT INTO stocks(store_id, product_id, quantity) VALUES(3,145,11);
INSERT INTO stocks(store_id, product_id, quantity) VALUES(3,146,9);
INSERT INTO stocks(store_id, product_id, quantity) VALUES(3,147,3);
INSERT INTO stocks(store_id, product_id, quantity) VALUES(3,148,6);
INSERT INTO stocks(store_id, product_id, quantity) VALUES(3,149,1);
INSERT INTO stocks(store_id, product_id, quantity) VALUES(3,150,21);
INSERT INTO stocks(store_id, product_id, quantity) VALUES(3,151,1);
INSERT INTO stocks(store_id, product_id, quantity) VALUES(3,152,1);
INSERT INTO stocks(store_id, product_id, quantity) VALUES(3,153,7);
INSERT INTO stocks(store_id, product_id, quantity) VALUES(3,154,22);
INSERT INTO stocks(store_id, product_id, quantity) VALUES(3,155,25);
INSERT INTO stocks(store_id, product_id, quantity) VALUES(3,156,14);
INSERT INTO stocks(store_id, product_id, quantity) VALUES(3,157,12);
INSERT INTO stocks(store_id, product_id, quantity) VALUES(3,158,17);
INSERT INTO stocks(store_id, product_id, quantity) VALUES(3,159,6);
INSERT INTO stocks(store_id, product_id, quantity) VALUES(3,160,27);
INSERT INTO stocks(store_id, product_id, quantity) VALUES(3,161,11);
INSERT INTO stocks(store_id, product_id, quantity) VALUES(3,162,11);
INSERT INTO stocks(store_id, product_id, quantity) VALUES(3,163,11);
INSERT INTO stocks(store_id, product_id, quantity) VALUES(3,164,18);
INSERT INTO stocks(store_id, product_id, quantity) VALUES(3,165,19);
INSERT INTO stocks(store_id, product_id, quantity) VALUES(3,166,27);
INSERT INTO stocks(store_id, product_id, quantity) VALUES(3,167,8);
INSERT INTO stocks(store_id, product_id, quantity) VALUES(3,168,23);
INSERT INTO stocks(store_id, product_id, quantity) VALUES(3,169,3);
INSERT INTO stocks(store_id, product_id, quantity) VALUES(3,170,13);
INSERT INTO stocks(store_id, product_id, quantity) VALUES(3,171,11);
INSERT INTO stocks(store_id, product_id, quantity) VALUES(3,172,22);
INSERT INTO stocks(store_id, product_id, quantity) VALUES(3,173,15);
INSERT INTO stocks(store_id, product_id, quantity) VALUES(3,174,1);
INSERT INTO stocks(store_id, product_id, quantity) VALUES(3,175,3);
INSERT INTO stocks(store_id, product_id, quantity) VALUES(3,176,6);
INSERT INTO stocks(store_id, product_id, quantity) VALUES(3,177,2);
INSERT INTO stocks(store_id, product_id, quantity) VALUES(3,178,12);
INSERT INTO stocks(store_id, product_id, quantity) VALUES(3,179,20);
INSERT INTO stocks(store_id, product_id, quantity) VALUES(3,180,6);
INSERT INTO stocks(store_id, product_id, quantity) VALUES(3,181,8);
INSERT INTO stocks(store_id, product_id, quantity) VALUES(3,182,28);
INSERT INTO stocks(store_id, product_id, quantity) VALUES(3,183,26);
INSERT INTO stocks(store_id, product_id, quantity) VALUES(3,184,21);
INSERT INTO stocks(store_id, product_id, quantity) VALUES(3,185,15);
INSERT INTO stocks(store_id, product_id, quantity) VALUES(3,186,30);
INSERT INTO stocks(store_id, product_id, quantity) VALUES(3,187,2);
INSERT INTO stocks(store_id, product_id, quantity) VALUES(3,188,29);
INSERT INTO stocks(store_id, product_id, quantity) VALUES(3,189,20);
INSERT INTO stocks(store_id, product_id, quantity) VALUES(3,190,20);
INSERT INTO stocks(store_id, product_id, quantity) VALUES(3,191,23);
INSERT INTO stocks(store_id, product_id, quantity) VALUES(3,192,10);
INSERT INTO stocks(store_id, product_id, quantity) VALUES(3,193,5);
INSERT INTO stocks(store_id, product_id, quantity) VALUES(3,194,20);
INSERT INTO stocks(store_id, product_id, quantity) VALUES(3,195,20);
INSERT INTO stocks(store_id, product_id, quantity) VALUES(3,196,25);
INSERT INTO stocks(store_id, product_id, quantity) VALUES(3,197,8);
INSERT INTO stocks(store_id, product_id, quantity) VALUES(3,198,27);
INSERT INTO stocks(store_id, product_id, quantity) VALUES(3,199,5);
INSERT INTO stocks(store_id, product_id, quantity) VALUES(3,200,29);
INSERT INTO stocks(store_id, product_id, quantity) VALUES(3,201,30);
INSERT INTO stocks(store_id, product_id, quantity) VALUES(3,202,11);
INSERT INTO stocks(store_id, product_id, quantity) VALUES(3,203,6);
INSERT INTO stocks(store_id, product_id, quantity) VALUES(3,204,16);
INSERT INTO stocks(store_id, product_id, quantity) VALUES(3,205,3);
INSERT INTO stocks(store_id, product_id, quantity) VALUES(3,206,29);
INSERT INTO stocks(store_id, product_id, quantity) VALUES(3,207,29);
INSERT INTO stocks(store_id, product_id, quantity) VALUES(3,208,12);
INSERT INTO stocks(store_id, product_id, quantity) VALUES(3,209,1);
INSERT INTO stocks(store_id, product_id, quantity) VALUES(3,210,22);
INSERT INTO stocks(store_id, product_id, quantity) VALUES(3,211,3);
INSERT INTO stocks(store_id, product_id, quantity) VALUES(3,212,23);
INSERT INTO stocks(store_id, product_id, quantity) VALUES(3,213,10);
INSERT INTO stocks(store_id, product_id, quantity) VALUES(3,214,30);
INSERT INTO stocks(store_id, product_id, quantity) VALUES(3,215,12);
INSERT INTO stocks(store_id, product_id, quantity) VALUES(3,216,5);
INSERT INTO stocks(store_id, product_id, quantity) VALUES(3,217,4);
INSERT INTO stocks(store_id, product_id, quantity) VALUES(3,218,21);
INSERT INTO stocks(store_id, product_id, quantity) VALUES(3,219,29);
INSERT INTO stocks(store_id, product_id, quantity) VALUES(3,220,0);
INSERT INTO stocks(store_id, product_id, quantity) VALUES(3,221,25);
INSERT INTO stocks(store_id, product_id, quantity) VALUES(3,222,12);
INSERT INTO stocks(store_id, product_id, quantity) VALUES(3,223,29);
INSERT INTO stocks(store_id, product_id, quantity) VALUES(3,224,23);
INSERT INTO stocks(store_id, product_id, quantity) VALUES(3,225,12);
INSERT INTO stocks(store_id, product_id, quantity) VALUES(3,226,14);
INSERT INTO stocks(store_id, product_id, quantity) VALUES(3,227,22);
INSERT INTO stocks(store_id, product_id, quantity) VALUES(3,228,29);
INSERT INTO stocks(store_id, product_id, quantity) VALUES(3,229,7);
INSERT INTO stocks(store_id, product_id, quantity) VALUES(3,230,29);
INSERT INTO stocks(store_id, product_id, quantity) VALUES(3,231,6);
INSERT INTO stocks(store_id, product_id, quantity) VALUES(3,232,16);
INSERT INTO stocks(store_id, product_id, quantity) VALUES(3,233,9);
INSERT INTO stocks(store_id, product_id, quantity) VALUES(3,234,24);
INSERT INTO stocks(store_id, product_id, quantity) VALUES(3,235,1);
INSERT INTO stocks(store_id, product_id, quantity) VALUES(3,236,3);
INSERT INTO stocks(store_id, product_id, quantity) VALUES(3,237,16);
INSERT INTO stocks(store_id, product_id, quantity) VALUES(3,238,12);
INSERT INTO stocks(store_id, product_id, quantity) VALUES(3,239,29);
INSERT INTO stocks(store_id, product_id, quantity) VALUES(3,240,26);
INSERT INTO stocks(store_id, product_id, quantity) VALUES(3,241,8);
INSERT INTO stocks(store_id, product_id, quantity) VALUES(3,242,5);
INSERT INTO stocks(store_id, product_id, quantity) VALUES(3,243,7);
INSERT INTO stocks(store_id, product_id, quantity) VALUES(3,244,5);
INSERT INTO stocks(store_id, product_id, quantity) VALUES(3,245,10);
INSERT INTO stocks(store_id, product_id, quantity) VALUES(3,246,7);
INSERT INTO stocks(store_id, product_id, quantity) VALUES(3,247,3);
INSERT INTO stocks(store_id, product_id, quantity) VALUES(3,248,11);
INSERT INTO stocks(store_id, product_id, quantity) VALUES(3,249,6);
INSERT INTO stocks(store_id, product_id, quantity) VALUES(3,250,16);
INSERT INTO stocks(store_id, product_id, quantity) VALUES(3,251,10);
INSERT INTO stocks(store_id, product_id, quantity) VALUES(3,252,27);
INSERT INTO stocks(store_id, product_id, quantity) VALUES(3,253,15);
INSERT INTO stocks(store_id, product_id, quantity) VALUES(3,254,4);
INSERT INTO stocks(store_id, product_id, quantity) VALUES(3,255,17);
INSERT INTO stocks(store_id, product_id, quantity) VALUES(3,256,1);
INSERT INTO stocks(store_id, product_id, quantity) VALUES(3,257,25);
INSERT INTO stocks(store_id, product_id, quantity) VALUES(3,258,10);
INSERT INTO stocks(store_id, product_id, quantity) VALUES(3,259,0);
INSERT INTO stocks(store_id, product_id, quantity) VALUES(3,260,5);
INSERT INTO stocks(store_id, product_id, quantity) VALUES(3,261,24);
INSERT INTO stocks(store_id, product_id, quantity) VALUES(3,262,29);
INSERT INTO stocks(store_id, product_id, quantity) VALUES(3,263,21);
INSERT INTO stocks(store_id, product_id, quantity) VALUES(3,264,7);
INSERT INTO stocks(store_id, product_id, quantity) VALUES(3,265,22);
INSERT INTO stocks(store_id, product_id, quantity) VALUES(3,266,18);
INSERT INTO stocks(store_id, product_id, quantity) VALUES(3,267,12);
INSERT INTO stocks(store_id, product_id, quantity) VALUES(3,268,17);
INSERT INTO stocks(store_id, product_id, quantity) VALUES(3,269,26);
INSERT INTO stocks(store_id, product_id, quantity) VALUES(3,270,6);
INSERT INTO stocks(store_id, product_id, quantity) VALUES(3,271,23);
INSERT INTO stocks(store_id, product_id, quantity) VALUES(3,272,12);
INSERT INTO stocks(store_id, product_id, quantity) VALUES(3,273,19);
INSERT INTO stocks(store_id, product_id, quantity) VALUES(3,274,7);
INSERT INTO stocks(store_id, product_id, quantity) VALUES(3,275,23);
INSERT INTO stocks(store_id, product_id, quantity) VALUES(3,276,14);
INSERT INTO stocks(store_id, product_id, quantity) VALUES(3,277,26);
INSERT INTO stocks(store_id, product_id, quantity) VALUES(3,278,15);
INSERT INTO stocks(store_id, product_id, quantity) VALUES(3,279,15);
INSERT INTO stocks(store_id, product_id, quantity) VALUES(3,280,1);
INSERT INTO stocks(store_id, product_id, quantity) VALUES(3,281,2);
INSERT INTO stocks(store_id, product_id, quantity) VALUES(3,282,18);
INSERT INTO stocks(store_id, product_id, quantity) VALUES(3,283,1);
INSERT INTO stocks(store_id, product_id, quantity) VALUES(3,284,26);
INSERT INTO stocks(store_id, product_id, quantity) VALUES(3,285,2);
INSERT INTO stocks(store_id, product_id, quantity) VALUES(3,286,7);
INSERT INTO stocks(store_id, product_id, quantity) VALUES(3,287,26);
INSERT INTO stocks(store_id, product_id, quantity) VALUES(3,288,2);
INSERT INTO stocks(store_id, product_id, quantity) VALUES(3,289,2);
INSERT INTO stocks(store_id, product_id, quantity) VALUES(3,290,6);
INSERT INTO stocks(store_id, product_id, quantity) VALUES(3,291,10);
INSERT INTO stocks(store_id, product_id, quantity) VALUES(3,292,16);
INSERT INTO stocks(store_id, product_id, quantity) VALUES(3,293,14);
INSERT INTO stocks(store_id, product_id, quantity) VALUES(3,294,13);
INSERT INTO stocks(store_id, product_id, quantity) VALUES(3,295,9);
INSERT INTO stocks(store_id, product_id, quantity) VALUES(3,296,12);
INSERT INTO stocks(store_id, product_id, quantity) VALUES(3,297,22);
INSERT INTO stocks(store_id, product_id, quantity) VALUES(3,298,14);
INSERT INTO stocks(store_id, product_id, quantity) VALUES(3,299,29);
INSERT INTO stocks(store_id, product_id, quantity) VALUES(3,300,3);
INSERT INTO stocks(store_id, product_id, quantity) VALUES(3,301,29);
INSERT INTO stocks(store_id, product_id, quantity) VALUES(3,302,6);
INSERT INTO stocks(store_id, product_id, quantity) VALUES(3,303,13);
INSERT INTO stocks(store_id, product_id, quantity) VALUES(3,304,23);
INSERT INTO stocks(store_id, product_id, quantity) VALUES(3,305,11);
INSERT INTO stocks(store_id, product_id, quantity) VALUES(3,306,7);
INSERT INTO stocks(store_id, product_id, quantity) VALUES(3,307,17);
INSERT INTO stocks(store_id, product_id, quantity) VALUES(3,308,9);
INSERT INTO stocks(store_id, product_id, quantity) VALUES(3,309,30);
INSERT INTO stocks(store_id, product_id, quantity) VALUES(3,310,8);
INSERT INTO stocks(store_id, product_id, quantity) VALUES(3,311,23);
INSERT INTO stocks(store_id, product_id, quantity) VALUES(3,312,18);
INSERT INTO stocks(store_id, product_id, quantity) VALUES(3,313,0);